600000000,900000000,3418309,0,4155527081,0.001562,0.06787,0.07568,0.001156,0.001503,0.06787,2.86E-06,0.0001869,0.03967,0.0003567,2.445,0.007243,0,1,0
600000000,900000000,3418309,1,329150663,0.001568,0.06787,0.07556,0.0003195,0.0007,0.06787,5.72E-06,0.0001879,0.03302,0.0009289,2.1,0.005791,0,1,0
600000000,900000000,3418314,0,3938719206,0.0003071,0.08044,0.09521,0.0002823,0.0006704,0.08044,4.77E-06,0.0001841,0.02377,0.0007858,5.588,0.0208,0,1,0
600000000,900000000,3418314,1,351618647,0.0003004,0.08044,0.09521,0.0005369,0.0008698,0.08044,9.54E-06,0.0001831,0.007919,0.002285,5.198,0.02038,0,1,0
600000000,900000000,3418319,0,431052910,0.0004606,0.07715,0.0874,0.0006247,0.0008516,0.07715,1.91E-06,0.0002041,0.005112,0.0002146,2.937,0.009449,0,1,0
600000000,900000000,3418319,1,257348783,0.0005188,0.07678,0.0874,0.0003376,0.000721,0.07678,6.68E-06,0.0002041,0.01508,0.0009289,3.055,0.01007,0,1,0
600000000,900000000,3418324,0,5655258253,0.0003805,0.08118,0.08936,0.0004072,0.0007315,0.08118,5.72E-06,0.0001974,0.01624,0.0006428,3.88,0.01376,0,1,0
600000000,900000000,3418324,1,3550322224,0.0003271,0.08057,0.08936,0.0002928,0.0005913,0.08069,1.91E-06,0.0001974,0.01599,7.15E-05,4.088,0.01569,0,1,0
600000000,900000000,3418329,0,1303745,0.002518,0.09106,0.1011,0.0004482,0.0007792,0.09106,2.86E-06,0.0003576,0.02121,0.0002146,2.074,0.005869,0,1,0
600000000,900000000,3418329,1,3894543095,0.002705,0.09082,0.1001,0.0004292,0.0007105,0.09094,6.68E-06,0.0003576,0.01489,0.0009995,2.215,0.006107,0,1,0
600000000,900000000,3418329,2,336025676,0.002533,0.09094,0.1008,0.0003891,0.0008554,0.09106,2.86E-06,0.0003576,0.02972,0.0003567,2.077,0.00604,0,1,0
600000000,900000000,3418334,0,3405236527,0.001171,0.08496,0.09521,0.0003309,0.0006666,0.08496,4.77E-06,0.0002155,0.02145,0.0004997,2.489,0.007298,0,1,0
600000000,900000000,3418334,1,431081448,0.00119,0.08472,0.09521,0.0002127,0.0004034,0.08484,2.86E-06,0.0002165,0.02258,0.0004282,2.257,0.006691,0,1,0
600000000,900000000,3418339,0,84899647,0.03418,0.08752,0.09839,0.001888,0.002773,0.08887,0.0002737,0.0002117,0.103,0.05786,1.859,0.003949,0,1,0
600000000,900000000,3418339,1,1268205,0.03528,0.0874,0.099,0.0006256,0.001501,0.08862,0.0002241,0.0002146,0.1229,0.02271,1.976,0.004837,0,1,0
600000000,900000000,3418339,2,7753127,0.03644,0.08704,0.09912,0.0007992,0.001247,0.08862,0.0002422,0.0003519,0.1141,0.03036,1.947,0.004163,0,1,0
600000000,900000000,3418339,3,351621284,0.03845,0.08728,0.09912,0.0007133,0.001493,0.0885,0.0001917,0.0002146,0.1082,0.02972,1.913,0.004048,0,1,0
600000000,900000000,3418339,4,317488701,0.0379,0.08716,0.09912,0.0008802,0.00149,0.08838,7.73E-05,0.0003586,0.1155,0.004997,2.047,0.004314,0,1,0
600000000,900000000,3418339,5,2595183881,0.03406,0.08704,0.09912,0.001905,0.002449,0.08838,7.63E-05,0.000349,0.1353,0.01401,1.82,0.003891,0,1,0
600000000,900000000,3418339,6,621588868,0.03699,0.08704,0.09912,0.0008173,0.001331,0.0885,0.0001936,0.0003576,0.1348,0.0354,1.894,0.003909,0,1,0
600000000,900000000,3418339,7,4304743890,0.03271,0.08704,0.09912,0.001007,0.001562,0.08838,0.0001001,0.0003586,0.1173,0.01151,1.69,0.003473,0,1,0
600000000,900000000,3418339,8,3938826162,0.0354,0.08704,0.099,0.001642,0.002132,0.08838,0.0001087,0.0002155,0.1107,0.01122,2.029,0.004776,0,1,0
600000000,900000000,3418339,9,351635981,0.03467,0.08716,0.09912,0.00235,0.00296,0.08875,9.35E-05,0.0003576,0.1248,0.009567,1.9,0.00452,0,1,0
600000000,900000000,3418339,10,5656207113,0.039,0.08704,0.09924,0.002163,0.002602,0.08838,8.01E-05,0.0003586,0.176,0.006714,,,0,1,0
600000000,900000000,3418339,11,2055737168,0.03522,0.08728,0.09888,0.003841,0.004295,0.08875,6.77E-05,0.000351,0.1239,0.00457,1.965,0.004617,0,1,0
600000000,900000000,3418339,12,317499484,0.03735,0.08716,0.09888,0.001366,0.001844,0.08862,0.000247,0.0003557,0.1482,0.04443,1.905,0.004206,0,1,0
600000000,900000000,3418339,13,2055507446,0.03577,0.0874,0.09888,0.001471,0.001919,0.08887,6.20E-05,0.0003576,0.1365,0.007858,1.964,0.004645,0,1,0
600000000,900000000,3418339,14,1335648,0.03674,0.08728,0.09912,0.001139,0.001585,0.08875,0.0002136,0.0003548,0.1663,0.04199,1.868,0.003742,0,1,0
600000000,900000000,3418339,15,662205,0.03217,0.08716,0.09912,0.001347,0.001942,0.0885,7.15E-05,0.0003557,0.1179,0.01329,1.67,0.003306,0,1,0
600000000,900000000,3418339,16,1436348411,0.0321,0.0874,0.09888,0.001715,0.002632,0.08899,0.0001249,0.0002146,0.1553,0.01215,1.751,0.003985,0,1,0
600000000,900000000,3418339,17,717319,0.03436,0.08704,0.09912,0.001303,0.001757,0.08838,0.0002899,0.0003529,0.1328,0.03394,1.826,0.003902,0,1,0
600000000,900000000,3418339,18,1301871,0.03595,0.08728,0.09912,0.001562,0.00238,0.0885,7.44E-05,0.0002117,0.1107,0.009003,2.032,0.004622,0,1,0
600000000,900000000,3418339,19,124596184,0.03564,0.08716,0.09888,0.0006771,0.001112,0.08862,6.10E-05,0.0003576,0.1335,0.005997,1.807,0.003464,0,1,0
600000000,900000000,3418339,20,2274895763,0.03375,0.08728,0.09888,0.0009394,0.001547,0.08875,0.0001993,0.000351,0.135,0.03973,1.835,0.004373,0,1,0
600000000,900000000,3418339,21,4469213375,0.03436,0.08728,0.09912,0.004478,0.005089,0.0885,8.01E-05,0.00035,0.1455,0.01479,1.776,0.003736,0,1,0
600000000,900000000,3418339,22,336055347,0.02972,0.08728,0.099,0.001057,0.001663,0.08862,0.0003242,0.0003529,0.1096,0.047,1.704,0.00408,0,1,0
600000000,900000000,3418339,23,5796442,0.03104,0.08716,0.099,0.00222,0.002686,0.08875,0.0003042,0.0003538,0.1176,0.04614,1.682,0.004014,0,1,0
600000000,900000000,3418339,24,6567274,0.0368,0.08704,0.09912,0.0007076,0.001162,0.08838,6.39E-05,0.0003586,0.146,0.00457,2.058,0.003902,0,1,0
600000000,900000000,3418356,0,294771706,0.06024,0.08069,0.09106,0.0008249,0.001505,0.08069,3.15E-05,0.0002022,0.1548,0.002716,1.782,0.004305,0,1,0
600000000,900000000,3418356,1,336030391,0.05951,0.08032,0.09021,0.0005379,0.0008821,0.08044,6.20E-05,0.000205,0.1333,0.004646,1.809,0.004046,0,1,0
600000000,900000000,3418356,2,778602858,0.0636,0.07996,0.09021,0.0007982,0.001072,0.08008,5.44E-05,0.0003424,0.1163,0.002716,1.892,0.004418,0,1,0
600000000,900000000,3418356,3,336045945,0.06232,0.08008,0.09119,0.001417,0.001932,0.08008,3.72E-05,0.0001993,0.1001,0.003357,1.851,0.004305,0,1,0
600000000,900000000,3418356,4,6955600,0.0614,0.08057,0.09131,0.004181,0.004738,0.08057,4.10E-05,0.000205,0.1018,0.002144,1.805,0.003885,0,1,0
600000000,900000000,3418363,0,866746667,0.0002003,0.08118,0.09314,0.0002327,0.000411,0.08118,3.82E-06,0.0001898,0.002682,0.0003567,5.303,0.02211,0,1,0
600000000,900000000,3418363,1,1442486585,0.000185,0.08142,0.09314,0.0001669,0.0005741,0.08142,8.58E-06,0.0001879,0.004662,0.001785,4.39,0.01738,0,1,0
600000000,900000000,3418368,0,376211539,0.006447,0.07947,0.09131,0.0005951,0.001059,0.07947,4.77E-06,0.0003395,0.03796,0.0005713,2.075,0.005639,0,1,0
600000000,900000000,3418368,1,5782232,0.004807,0.07922,0.09119,0.0008936,0.001207,0.07922,2.86E-06,0.0002041,0.03882,0.0002146,1.781,0.005,0,1,0
600000000,900000000,3418368,2,5781488,0.005646,0.07935,0.09119,0.0008144,0.001486,0.07935,6.68E-06,0.0002031,0.05133,0.001358,2.104,0.005692,0,1,0
600000000,900000000,3418375,0,6570572,0.0004301,0.08069,0.09326,0.0003548,0.0007725,0.08069,3.82E-06,0.0001717,0.005974,0.0004282,4.082,0.01478,0,1,0
600000000,900000000,3418375,1,227414872,0.0003452,0.08069,0.09326,0.0001173,0.000494,0.08069,2.86E-06,0.000205,0.005524,7.15E-05,3.59,0.01447,0,1,0
600000000,900000000,3418380,0,6608763,0.001991,0.07983,0.08936,0.0005236,0.000802,0.07983,3.82E-06,0.0003386,0.01146,0.0003567,2.399,0.006411,0,1,0
600000000,900000000,3418380,1,3233542229,0.001791,0.08008,0.08936,0.0004015,0.0009718,0.08008,5.72E-06,0.0003376,0.02423,0.001072,2.711,0.008509,0,1,0
600000000,900000000,3418385,0,672515,0.0003014,0.08008,0.0874,0.0003796,0.0007286,0.08008,7.63E-06,0.0001917,0.005585,0.001072,4.925,0.01891,0,1,0
600000000,900000000,3418385,1,336021545,0.0003052,0.08008,0.08728,0.0008554,0.001072,0.08008,1.91E-06,0.0001926,0.00824,7.15E-05,3.966,0.01614,0,1,0
600000000,900000000,3418390,0,564444639,0.003643,0.1188,0.1241,0.0009031,0.005333,0.1188,2.86E-06,0.0002689,0.01326,0.0002861,2.359,0.008341,0,1,0
600000000,900000000,3418390,1,6640648,0.004135,0.1185,0.1224,0.000741,0.005173,0.1185,2.86E-06,0.000268,0.02063,0.0001431,2.624,0.008091,0,1,0
600000000,900000000,3418390,2,1338948,0.004311,0.1188,0.1224,0.0007505,0.005188,0.1188,3.82E-06,0.000268,0.03973,0.0002146,2.638,0.008183,0,1,0
600000000,900000000,3418390,3,1437072475,0.004295,0.1187,0.1224,0.0008783,0.00531,0.1187,2.86E-06,0.000268,0.0376,7.15E-05,2.798,0.009082,0,1,0
600000000,900000000,3418390,4,294973335,0.003246,0.1188,0.1241,0.0008698,0.00531,0.1188,6.68E-06,0.000267,0.01076,0.0009289,2.087,0.006241,0,1,0
600000000,900000000,3418395,0,1331706,0.001249,0.08325,0.09131,0.0006056,0.0009785,0.08325,8.58E-06,0.0002098,0.01727,0.001785,2.336,0.006762,0,1,0
600000000,900000000,3418395,1,336036882,0.00128,0.0835,0.09119,0.0005312,0.0007944,0.08362,1.91E-06,0.0002098,0.01482,0.0001431,2.255,0.006737,0,1,0
600000000,900000000,3418400,0,294887209,0.001715,0.08228,0.08923,0.0007057,0.001003,0.08228,5.72E-06,0.0002089,0.01222,0.0007858,2.401,0.007536,0,1,0
600000000,900000000,3418400,1,1335782,0.001814,0.08179,0.09119,0.0002527,0.0005941,0.08179,6.68E-06,0.0002079,0.01764,0.0009289,2.37,0.007351,0,1,0
600000000,900000000,3418405,0,6567284,0.04834,0.08203,0.09131,0.001057,0.001463,0.08215,2.58E-05,0.000205,0.1033,0.002144,1.822,0.003949,0,1,0
600000000,900000000,3418405,1,410058079,0.04761,0.08191,0.09119,0.001398,0.001644,0.08191,5.15E-05,0.000206,0.1107,0.004646,1.806,0.004122,0,1,0
600000000,900000000,3418405,2,155313295,0.04871,0.08215,0.09119,0.001139,0.00164,0.08215,3.15E-05,0.000205,0.09204,0.002499,1.808,0.004043,0,1,0
600000000,900000000,3418405,3,4802475358,0.05231,0.08203,0.09143,0.002796,0.00309,0.08203,1.91E-05,0.0003452,0.09851,0.0009995,,,0,1,0
600000000,900000000,3418412,0,431038861,0.0003939,0.07947,0.09302,0.0003834,0.0007248,0.07947,3.82E-06,0.0001907,0.01485,0.0004997,3.071,0.01136,0,1,0
600000000,900000000,3418412,1,907812,0.0003233,0.07947,0.09326,0.0008545,0.001087,0.07947,2.86E-06,0.0001907,0.01253,0.0001431,4.238,0.01631,0,1,0
600000000,900000000,3418417,0,82732361,0.003689,0.08789,0.1028,0.0007181,0.001154,0.08801,2.86E-06,0.0002184,0.04413,0.0001431,1.783,0.004237,0,1,0
600000000,900000000,3418417,1,2912464652,0.003548,0.08789,0.103,0.0004568,0.0009041,0.08789,2.86E-06,0.0002203,0.03552,0.0001431,1.933,0.005075,0,1,0
600000000,900000000,3418422,0,4820238819,0.0002804,0.07886,0.08557,0.002357,0.002556,0.07886,1.91E-06,0.0001936,0.006348,0.0002146,,,0,1,0
600000000,900000000,3418422,1,905814,0.0002508,0.07874,0.08545,0.0001907,0.000351,0.07874,2.86E-06,0.0001955,0.009552,7.15E-05,3.984,0.0142,0,1,0
600000000,900000000,3418427,0,1439356567,0.001112,0.08093,0.09119,0.001606,0.002056,0.08093,2.86E-06,0.000206,0.01566,0.0002861,3.314,0.01185,0,1,0
600000000,900000000,3418427,1,84847796,0.0009937,0.08069,0.09119,0.0006037,0.0008612,0.08069,2.86E-06,0.0002098,0.01181,0.0004997,2.794,0.01032,0,1,0
600000000,900000000,3418432,0,329144835,0.001915,0.0813,0.09326,0.0009146,0.00124,0.0813,4.77E-06,0.000206,0.0191,0.0007143,2.202,0.005931,0,1,0
600000000,900000000,3418432,1,1269048,0.001942,0.0813,0.09326,0.0006943,0.001085,0.08142,2.86E-06,0.000206,0.04199,0.0001431,2.437,0.0066,0,1,0
600000000,900000000,3418437,0,348769060,0.003704,0.1174,0.1223,0.000247,0.0006037,0.1176,1.43E-05,0.0002422,0.07007,0.003357,1.74,0.004191,0,1,0
600000000,900000000,3418437,1,904514,0.003372,0.1179,0.1223,0.0004578,0.0007944,0.1179,1.91E-06,0.0002413,0.05933,7.15E-05,1.759,0.004963,0,1,0
600000000,900000000,3418442,0,318418982,0.02689,0.01154,0.01523,0.004265,0.004471,0.01169,0.0004168,4.96E-05,0.04126,0.01721,2.574,0.006085,0,1,0
600000000,900000000,3418442,1,38655581,0.02725,0.01199,0.017,0.004486,0.004669,0.01215,0.0003986,5.05E-05,0.05054,0.01678,2.535,0.006065,0,1,0
600000000,900000000,3418442,2,344595418,0.03192,0.01147,0.01524,0.003681,0.003887,0.01167,0.0004463,4.86E-05,0.0874,0.02493,3.072,0.007687,0,1,0
600000000,900000000,3418442,3,4217136868,0.02417,0.01154,0.0152,0.004211,0.004417,0.01169,0.0004807,4.86E-05,0.04431,0.02151,2.238,0.004406,0,1,0
600000000,900000000,3418442,4,4469371300,0.02771,0.01155,0.01523,0.003204,0.003403,0.01172,0.0004282,4.10E-05,0.06201,0.01151,2.566,0.005439,0,1,0
600000000,900000000,3418442,5,1095481,0.02756,0.01154,0.01515,0.004158,0.004364,0.01167,0.000351,4.86E-05,0.04553,0.01221,2.629,0.006767,0,1,0
600000000,900000000,3418442,6,167553463,0.03012,0.01161,0.01521,0.003551,0.003754,0.01172,0.0003815,4.96E-05,0.09192,0.01694,2.844,0.007135,0,1,0
600000000,900000000,3418442,7,7753127,0.0293,0.0114,0.01521,0.002556,0.002766,0.01163,0.0003853,4.86E-05,0.05713,0.01913,2.782,0.006979,0,1,0
600000000,900000000,6590371,0,376751173,0.0002384,0.08032,0.08936,0.0002956,0.0006189,0.08032,5.72E-06,0.0001841,0.00824,0.0005713,5.171,0.02111,0,1,0
600000000,900000000,6590371,1,16915982,0.0002375,0.08081,0.08936,0.0002069,0.0005493,0.08081,4.77E-06,0.0001793,0.004555,0.0006428,5.849,0.02492,0,1,0
600000000,900000000,6590376,0,1664088958,0.0005598,0.07764,0.08545,0.0002508,0.000555,0.07764,2.86E-06,0.0001965,0.0145,7.15E-05,3.205,0.0103,0,1,0
600000000,900000000,6590376,1,905062,0.000495,0.07764,0.08545,0.0002108,0.0005283,0.07764,2.86E-06,0.0001993,0.01079,0.0002146,3.164,0.01095,0,1,0
600000000,900000000,6590381,0,2549393774,0.0001497,0.07117,0.07764,0.0003929,0.0005922,0.07117,2.86E-06,0.0001602,0.003914,0.0002861,7.404,0.03282,0,1,0
600000000,900000000,6590381,1,660404,0.0001707,0.07141,0.07776,0.0001354,0.0005379,0.07141,2.86E-06,0.0001535,0.004654,0.0001431,12.32,0.05252,0,1,0
600000000,900000000,6590386,0,3349189108,0.0003433,0.0802,0.0874,0.0005112,0.000762,0.0802,3.82E-06,0.0001993,0.006027,0.0004282,4.446,0.01664,0,1,0
600000000,900000000,6590386,1,711355,0.0003319,0.08032,0.0874,0.0002327,0.000536,0.08032,3.82E-06,0.0002003,0.008453,0.0007143,4.089,0.01551,0,1,0
600000000,900000000,6590391,0,257395954,0.0004644,0.09094,0.09912,0.0003538,0.0005646,0.09094,5.72E-06,0.0002098,0.00679,0.0009995,3.145,0.0101,0,1,0
600000000,900000000,6590391,1,323143631,0.0004816,0.09106,0.09912,0.0003595,0.0005836,0.09106,2.86E-06,0.0002079,0.006645,0.0001431,3.248,0.009799,0,1,0
600000000,900000000,6724944,0,6640087,0.00127,0.0741,0.08545,0.0007067,0.00119,0.0741,2.86E-06,0.0001955,0.01019,0.0002861,3.259,0.01084,0,1,0
600000000,900000000,6724944,1,1695367,0.00116,0.07446,0.08545,0.0004349,0.0008945,0.07446,3.82E-06,0.0002136,0.009064,0.0002861,2.735,0.008667,0,1,0
600000000,900000000,6724949,0,4303324432,0.0002708,0.07874,0.0874,0.0008135,0.001236,0.07874,9.54E-06,0.0002031,0.004715,0.001429,4.123,0.01675,0,1,0
600000000,900000000,6724949,1,6566431,0.0002775,0.07886,0.0874,0.0002117,0.0006409,0.07886,2.86E-06,0.0002031,0.005432,0.0002146,6.262,0.02534,0,1,0
600000000,900000000,6933047,0,3002041692,0.01155,0.01215,0.01816,0.0001993,0.0003204,0.01242,1.14E-05,0.0002222,0.0907,0.0006428,1.502,0.002784,0,0,0.01297
600000000,900000000,6933059,0,1429206364,0.03943,0.04138,0.04852,0.0006647,0.0007,0.04169,0.0005989,0.0001478,0.1049,0.003216,2.929,0.005954,0,0,0.02869
600000000,900000000,7053513,0,63625892,0.02054,0.002842,0.003822,0.002525,0.002617,0.00296,0.0008707,3.72E-05,0.04816,0.02008,3.196,0.008604,0,0,0.02222
600000000,900000000,7053513,1,418572,0.02261,0.002464,0.003853,0.002087,0.002171,0.002792,0.0007982,3.72E-05,0.0658,0.02036,3.354,0.008685,0,0,0.02542
600000000,900000000,7053513,2,6567849,0.01965,0.002617,0.003841,0.002758,0.002842,0.002758,0.00107,3.82E-05,0.03906,0.02173,3.13,0.008362,0,0,0.02097
600000000,900000000,15705910,0,6566577,0.01247,0.06567,0.0874,0.0007105,0.0008516,0.0658,7.63E-06,6.29E-05,0.06445,0.0007143,1.251,0.001526,0,0,0.02411
600000000,900000000,17109330,0,766861936,0.03729,0.008652,0.01279,0.004913,0.005203,0.00882,0.0006428,9.92E-05,0.1292,0.02072,3.669,0.01051,0,1,0
600000000,900000000,17109330,1,376751173,0.03302,0.007935,0.01187,0.003681,0.003872,0.008118,0.000514,0.000124,0.1345,0.01193,3.953,0.01248,0,1,0
600000000,900000000,17109330,2,225796507,0.03302,0.00882,0.0128,0.004776,0.005066,0.008987,0.0006046,9.44E-05,0.09875,0.01987,3.667,0.01036,0,1,0
600000000,900000000,17109330,3,682371,0.03363,0.008224,0.01128,0.003384,0.00359,0.008499,0.0005846,9.73E-05,0.1089,0.02585,3.637,0.01026,0,1,0
600000000,900000000,17109330,4,2274790591,0.03186,0.008591,0.01277,0.005165,0.005371,0.008774,0.000598,0.0001001,0.1003,0.02237,3.021,0.007176,0,1,0
600000000,900000000,17109330,5,696935762,0.03589,0.008713,0.013,0.004753,0.004944,0.008896,0.0009022,0.000104,0.1274,0.03079,3.735,0.01093,0,1,0
600000000,900000000,17109330,6,854831961,0.03876,0.009354,0.01279,0.004349,0.00457,0.009567,0.0008392,0.0001049,0.1069,0.0285,3.955,0.01148,0,1,0
600000000,900000000,17109330,7,1340414,0.03217,0.008545,0.0127,0.004807,0.005104,0.008926,0.000679,9.06E-05,0.09375,0.01843,3.462,0.01047,0,1,0
600000000,900000000,17109330,8,2538311,0.04309,0.008377,0.01199,0.00415,0.004349,0.008728,0.0007219,0.000104,0.147,0.03015,3.891,0.0114,0,1,0
600000000,900000000,17109330,9,766053,0.03564,0.00824,0.01128,0.003532,0.003819,0.008514,0.0005827,9.63E-05,0.111,0.02686,3.801,0.01081,0,1,0
600000000,900000000,17109330,10,1094506,0.03644,0.008469,0.01288,0.005096,0.005302,0.008652,0.0007191,9.35E-05,0.1257,0.02936,3.759,0.01123,0,1,0
600000000,900000000,17109330,11,336052738,0.03168,0.008072,0.01117,0.002193,0.002396,0.008301,0.0005722,9.92E-05,0.1061,0.02173,3.113,0.008789,0,1,0
600000000,900000000,17109330,12,294847236,0.03156,0.008469,0.01234,0.002972,0.003174,0.008682,0.0006428,0.0001278,0.1232,0.02643,3.435,0.009935,0,1,0
600000000,900000000,17109330,13,3384384006,0.039,0.00853,0.01279,0.004074,0.004272,0.008987,0.0006838,0.0001068,0.1195,0.02594,3.497,0.01025,0,1,0
600000000,900000000,17109330,14,1436333485,0.03894,0.008759,0.01288,0.002293,0.002506,0.009308,0.0005159,9.63E-05,0.135,0.02072,3.896,0.01091,0,1,0
600000000,900000000,17109330,15,1199483113,0.03711,0.008759,0.01297,0.005081,0.005371,0.008942,0.0006723,0.0001211,0.1141,0.01999,3.658,0.0112,0,1,0
600000000,900000000,17109330,16,1096465,0.03693,0.008682,0.01277,0.005096,0.005302,0.008896,0.0006628,0.0001087,0.09851,0.02802,3.656,0.01081,0,1,0
600000000,900000000,17109330,17,329248550,0.03418,0.009155,0.0128,0.004463,0.004684,0.009338,0.0007601,0.0001316,0.1122,0.02206,3.798,0.01055,0,1,0
600000000,900000000,17109330,18,711681,0.03827,0.008469,0.01283,0.004898,0.005135,0.008667,0.0005646,9.63E-05,0.1335,0.01849,3.796,0.01119,0,1,0
600000000,900000000,17109330,19,2851852,0.03479,0.008438,0.01295,0.004387,0.004684,0.008728,0.0005636,9.82E-05,0.1246,0.01859,3.827,0.01047,0,1,0
600000000,900000000,17109330,20,1301832,0.03339,0.008392,0.01169,0.003582,0.00388,0.008881,0.0006647,9.25E-05,0.1141,0.02029,3.685,0.009644,0,1,0
600000000,900000000,17109330,21,706377,0.03442,0.008652,0.01178,0.003929,0.004227,0.00885,0.0006609,0.0001087,0.1061,0.02084,3.709,0.01101,0,1,0
600000000,900000000,17109330,22,1437091934,0.02826,0.008606,0.01279,0.003078,0.003284,0.009003,0.0005684,9.82E-05,0.09277,0.01807,3.009,0.008385,0,1,0
600000000,900000000,17109330,23,7776840,0.03625,0.008301,0.01143,0.003975,0.004181,0.008911,0.0006323,9.25E-05,0.09998,0.0188,3.842,0.0117,0,1,0
600000000,900000000,17109330,24,318350764,0.03809,0.008636,0.01181,0.004135,0.004333,0.008804,0.0005455,0.0001049,0.1058,0.01837,3.416,0.01008,0,1,0
600000000,900000000,17109330,25,1271376,0.03619,0.008713,0.01282,0.004944,0.005142,0.008881,0.0005569,9.54E-05,0.1005,0.02164,3.919,0.01173,0,1,0
600000000,900000000,17109330,26,16908993,0.03522,0.008575,0.01251,0.004059,0.004265,0.00882,0.0006475,0.0001011,0.1199,0.02264,3.666,0.01082,0,1,0
600000000,900000000,17109330,27,1221110463,0.03302,0.008545,0.01273,0.004776,0.004974,0.008713,0.0005646,0.0001221,0.09729,0.02151,3.949,0.01146,0,1,0
600000000,900000000,17109330,28,1697416,0.03784,0.009491,0.01277,0.00428,0.004501,0.009659,0.0008459,0.000123,0.1287,0.02451,3.675,0.01013,0,1,0
600000000,900000000,17109330,29,640736354,0.03091,0.009201,0.01266,0.004211,0.004524,0.009354,0.0007305,9.25E-05,0.0968,0.02173,3.306,0.01002,0,1,0
600000000,900000000,17109330,30,1436350589,0.03497,0.009003,0.01279,0.00473,0.004936,0.009232,0.0007124,0.0001049,0.09888,0.01736,3.642,0.01046,0,1,0
600000000,900000000,17109330,31,336030260,0.0354,0.009644,0.01369,0.004669,0.004967,0.009918,0.0006313,0.0001183,0.09729,0.02493,3.073,0.008716,0,1,0
600000000,900000000,17109330,32,257340125,0.03247,0.007965,0.01108,0.003181,0.003376,0.00827,0.0004501,8.87E-05,0.0863,0.01715,3.525,0.01055,0,1,0
600000000,900000000,17109330,33,317808265,0.03638,0.00856,0.01268,0.004646,0.00486,0.008865,0.0004778,0.0001068,0.1182,0.01566,3.768,0.01114,0,1,0
600000000,900000000,17109330,34,4478521935,0.03754,0.00853,0.01263,0.005005,0.005203,0.008728,0.0006723,9.25E-05,0.1208,0.02658,4.284,0.0127,0,1,0
600000000,900000000,17109330,35,595677,0.0351,0.008362,0.01184,0.004234,0.00444,0.008575,0.000494,0.0001183,0.111,0.02301,4.258,0.01331,0,1,0
600000000,900000000,17109330,36,351640936,0.04144,0.008774,0.01279,0.004318,0.004494,0.009003,0.0006161,0.0001097,0.09827,0.01807,3.488,0.01012,0,1,0
600000000,900000000,17109330,37,340153818,0.02625,0.008667,0.01286,0.003399,0.003613,0.009079,0.0005236,0.0001221,0.1117,0.02136,3.082,0.008185,0,1,0
600000000,900000000,17109330,38,1759410941,0.03461,0.008789,0.01283,0.003662,0.003922,0.009109,0.0005531,0.0001163,0.09912,0.02084,4.335,0.01285,0,1,0
600000000,900000000,17109330,39,1436350303,0.03149,0.00885,0.0128,0.004791,0.004997,0.009033,0.0006189,0.000103,0.1118,0.02136,3.71,0.01083,0,1,0
600000000,900000000,17109330,40,5782488,0.03131,0.007889,0.01096,0.004013,0.004227,0.008026,0.0008764,0.0001049,0.1023,0.02228,3.045,0.008068,0,1,0
600000000,900000000,17109330,41,2275635043,0.03931,0.008743,0.01183,0.003639,0.003929,0.008957,0.0007267,0.0001268,0.1198,0.02771,3.631,0.01085,0,1,0
600000000,900000000,17109330,42,1333841,0.034,0.007591,0.01085,0.00388,0.004211,0.007774,0.0006714,0.000103,0.113,0.02222,3.458,0.009941,0,1,0
600000000,900000000,17109330,43,336025726,0.03638,0.008667,0.01277,0.004883,0.005119,0.008911,0.0007162,0.000102,0.1217,0.02313,3.643,0.01089,0,1,0
600000000,900000000,17109330,44,32087074,0.03149,0.008698,0.01294,0.003166,0.003368,0.009094,0.0007687,9.73E-05,0.11,0.02487,3.605,0.01042,0,1,0
600000000,900000000,17109330,45,431788183,0.03418,0.008301,0.01184,0.003983,0.004189,0.008453,0.0005894,9.63E-05,0.1067,0.02637,3.558,0.009638,0,1,0
600000000,900000000,17109330,46,38653355,0.0303,0.008713,0.01254,0.004036,0.004234,0.008896,0.0006905,9.35E-05,0.1072,0.02579,3.14,0.008072,0,1,0
600000000,900000000,17109330,47,2006362021,0.03259,0.008301,0.0118,0.003323,0.003525,0.008621,0.0005369,0.000103,0.1042,0.02142,3.415,0.01031,0,1,0
600000000,900000000,17109330,48,317489995,0.04443,0.008301,0.0114,0.002647,0.00285,0.008545,0.0004749,0.0001087,0.1066,0.01715,3.662,0.009834,0,1,0
600000000,900000000,17109330,49,2851636,0.03143,0.009247,0.01277,0.004326,0.004623,0.00943,0.0006561,8.97E-05,0.09351,0.02606,3.367,0.009575,0,1,0
600000000,900000000,17109330,50,1269585,0.03436,0.008041,0.01123,0.003738,0.003967,0.008331,0.0005913,0.0001287,0.1143,0.02014,3.591,0.009895,0,1,0
600000000,900000000,17109330,51,5771811,0.03601,0.009186,0.01242,0.003849,0.004143,0.009674,0.0005875,0.0001068,0.1136,0.0188,3.659,0.01142,0,1,0
600000000,900000000,17109330,52,6608784,0.03284,0.008682,0.0128,0.004997,0.005295,0.00882,0.0008383,0.000102,0.1401,0.02734,3.063,0.008063,0,1,0
600000000,900000000,17109330,53,345294278,0.04279,0.009766,0.0128,0.004051,0.004257,0.009933,0.0004587,0.0001144,0.1125,0.01663,3.915,0.01073,0,1,0
600000000,900000000,17109330,54,13010155,0.03247,0.009277,0.01279,0.003838,0.004044,0.00946,0.0007095,0.0001249,0.1279,0.02686,3.697,0.0112,0,1,0
600000000,900000000,17109330,55,63625914,0.03229,0.008591,0.01285,0.004829,0.005043,0.00885,0.0008478,0.000102,0.1167,0.02173,3.386,0.009704,0,1,0
600000000,900000000,17109330,56,711527,0.03619,0.007736,0.01083,0.003654,0.00412,0.007935,0.0005007,8.77E-05,0.1318,0.02322,3.732,0.01031,0,1,0
600000000,900000000,17109330,57,1335834,0.02917,0.009232,0.01279,0.004433,0.00473,0.00943,0.0008593,0.0001059,0.07825,0.0177,2.857,0.00796,0,1,0
600000000,900000000,17109330,58,5781906,0.03394,0.008377,0.01279,0.003689,0.003857,0.008896,0.0005779,9.54E-05,0.0968,0.01749,3.758,0.01143,0,1,0
600000000,900000000,17109330,59,759590120,0.03687,0.008469,0.01204,0.003254,0.003548,0.009216,0.0006886,9.16E-05,0.1049,0.02393,3.735,0.01073,0,1,0
600000000,900000000,17109330,60,1807103,0.03754,0.008652,0.01273,0.003693,0.003983,0.009048,0.0007105,0.000103,0.1097,0.02542,3.85,0.01095,0,1,0
600000000,900000000,17109330,61,182814928,0.03455,0.009399,0.01276,0.003548,0.003757,0.009598,0.0005674,9.92E-05,0.1245,0.0188,3.763,0.01163,0,1,0
600000000,900000000,17109330,62,277433550,0.02725,0.008682,0.01279,0.00386,0.004158,0.00882,0.000535,0.000124,0.1042,0.01721,3.189,0.00827,0,1,0
600000000,900000000,17109330,63,6607753,0.03687,0.008438,0.01259,0.004997,0.005203,0.008575,0.0005951,8.87E-05,0.1094,0.02216,4.17,0.01201,0,1,0
600000000,900000000,17109330,64,3324440159,0.03864,0.009201,0.0128,0.00267,0.002968,0.009491,0.0007715,0.0001097,0.1299,0.02264,4.035,0.01152,0,1,0
600000000,900000000,17109330,65,1436350862,0.03882,0.00885,0.0128,0.00415,0.004448,0.009109,0.0004139,8.77E-05,0.1101,0.01971,3.939,0.01178,0,1,0
600000000,900000000,17109330,66,38713354,0.03085,0.008224,0.01118,0.003372,0.003578,0.008423,0.000535,0.0001154,0.08496,0.01837,3.898,0.01201,0,1,0
600000000,900000000,17109330,67,487535,0.03461,0.007874,0.01109,0.001923,0.002121,0.008194,0.0006561,9.06E-05,0.1047,0.02206,4.094,0.01216,0,1,0
600000000,900000000,17109330,68,2275246689,0.02902,0.008591,0.01274,0.004951,0.005241,0.008789,0.000598,0.0001011,0.09558,0.02621,3.046,0.008266,0,1,0
600000000,900000000,17109330,69,336061941,0.02835,0.008209,0.01114,0.003735,0.003929,0.008331,0.0004549,0.0001001,0.1041,0.01642,3.109,0.008229,0,1,0
600000000,900000000,17109330,70,564483506,0.0329,0.00827,0.01158,0.003479,0.003738,0.008896,0.0005388,0.0001059,0.09473,0.01785,3.126,0.00892,0,1,0
600000000,900000000,17109330,71,336061825,0.0343,0.008636,0.01183,0.00396,0.004257,0.008789,0.0007706,0.0001068,0.1183,0.02621,3.409,0.01009,0,1,0
600000000,900000000,17109330,72,903474,0.03,0.008896,0.0128,0.004578,0.004868,0.009018,0.0005341,8.97E-05,0.09985,0.01907,3.732,0.011,0,1,0
600000000,900000000,17109330,73,294849420,0.03448,0.008469,0.01277,0.005264,0.005455,0.008621,0.00072,0.000102,0.1069,0.02408,3.135,0.009115,0,1,0
600000000,900000000,17109330,74,2851659,0.03296,0.009125,0.01274,0.004524,0.00473,0.009308,0.0007496,0.0001011,0.1333,0.02808,3.511,0.01013,0,1,0
600000000,900000000,17109330,75,294847196,0.03424,0.008881,0.01277,0.004845,0.00515,0.009064,0.0007019,0.0001163,0.1158,0.02521,3.175,0.008638,0,1,0
600000000,900000000,17109330,76,431053017,0.03058,0.008469,0.01242,0.003998,0.004272,0.008713,0.0004988,0.0001001,0.1073,0.02142,3.038,0.008435,0,1,0
600000000,900000000,17109330,77,4232802794,0.03723,0.009613,0.01277,0.003887,0.004181,0.009796,0.0005331,0.0001106,0.0979,0.01457,3.789,0.01139,0,1,0
600000000,900000000,17109330,78,4478536580,0.03174,0.008835,0.01268,0.00441,0.004707,0.008987,0.000699,0.0001144,0.1094,0.02307,3.816,0.01192,0,1,0
600000000,900000000,17109330,79,336037219,0.03412,0.008072,0.01125,0.004082,0.004303,0.008301,0.0007668,0.000104,0.114,0.02771,3.342,0.009839,0,1,0
600000000,900000000,17109330,80,930733447,0.02817,0.008759,0.01306,0.002975,0.003181,0.008911,0.0005217,0.000103,0.08655,0.01907,3.017,0.008298,0,1,0
600000000,900000000,17109330,81,6640644,0.03455,0.009277,0.01282,0.003666,0.004074,0.009445,0.0006771,0.0001116,0.1069,0.01987,3.7,0.01077,0,1,0
600000000,900000000,17109330,82,2851293,0.03656,0.008575,0.0128,0.003723,0.004021,0.008865,0.0005836,0.0001097,0.1119,0.01999,3.338,0.01003,0,1,0
600000000,900000000,17109330,83,336021390,0.03638,0.009048,0.01277,0.004738,0.005035,0.009262,0.0007095,0.0001202,0.1323,0.01965,3.274,0.009646,0,1,0
600000000,900000000,17109330,84,227426607,0.03302,0.009384,0.0128,0.004349,0.00457,0.009491,0.0005722,0.0001125,0.1056,0.01335,3.363,0.009289,0,1,0
600000000,900000000,17109330,85,4164472776,0.0387,0.007698,0.0128,0.003868,0.004341,0.008041,0.0005436,0.0001059,0.1174,0.01779,3.658,0.01072,0,1,0
600000000,900000000,17109330,86,766032,0.03259,0.008087,0.01132,0.003288,0.003479,0.008301,0.0005083,0.0001259,0.1104,0.01901,3.826,0.01072,0,1,0
600000000,900000000,17109330,87,4303322111,0.03046,0.008209,0.01115,0.003677,0.003983,0.008484,0.0007439,9.25E-05,0.1068,0.01657,3.206,0.009454,0,1,0
600000000,900000000,17109330,88,6566431,0.03699,0.007751,0.01082,0.003723,0.004181,0.007935,0.0007305,0.000123,0.1097,0.02835,3.938,0.01192,0,1,0
600000000,900000000,17109330,89,336038558,0.03418,0.008499,0.01199,0.003784,0.004074,0.008804,0.0006275,9.54E-05,0.1105,0.02686,3.527,0.01128,0,1,0
600000000,900000000,17109330,90,2107213808,0.03992,0.009415,0.01282,0.002705,0.00301,0.009598,0.0006094,0.000103,0.1194,0.02621,4.245,0.0123,0,1,0
600000000,900000000,17109330,91,317495555,0.04102,0.008194,0.01123,0.00349,0.003685,0.008575,0.0005016,0.0001087,0.1104,0.01572,3.725,0.01146,0,1,0
600000000,900000000,17109330,92,4725782108,0.03735,0.008347,0.01138,0.002918,0.003117,0.008545,0.0006847,9.92E-05,0.1309,0.02164,4.146,0.01145,0,1,0
600000000,900000000,17109330,93,854729761,0.0343,0.009155,0.01274,0.004326,0.004532,0.009323,0.0006857,0.0001011,0.09888,0.02457,3.747,0.0102,0,1,0
600000000,900000000,17109330,94,257409864,0.03644,0.008209,0.01132,0.002613,0.002808,0.008621,0.0004787,0.0001202,0.1068,0.01428,4.047,0.01243,0,1,0
600000000,900000000,17109330,95,38742358,0.03479,0.008835,0.01273,0.00425,0.004539,0.009003,0.0008011,0.0001297,0.113,0.02237,3.024,0.007922,0,1,0
600000000,900000000,17109330,96,2852418,0.03656,0.008118,0.01149,0.003284,0.003487,0.008423,0.0006695,9.92E-05,0.1294,0.01871,3.493,0.008246,0,1,0
600000000,900000000,17109330,97,376293505,0.03461,0.008499,0.01222,0.002338,0.002522,0.008942,0.0005245,0.0001068,0.1139,0.02106,3.387,0.0105,0,1,0
600000000,900000000,17109330,98,711588,0.03619,0.007919,0.01109,0.003677,0.003872,0.008194,0.0007296,9.44E-05,0.1187,0.02594,3.832,0.01061,0,1,0
600000000,900000000,17109330,99,294963309,0.03455,0.008118,0.01135,0.003151,0.003448,0.008362,0.0007133,9.44E-05,0.1318,0.02179,3.779,0.01192,0,1,0
600000000,900000000,17109330,100,318360092,0.03693,0.008087,0.01111,0.003685,0.003883,0.008331,0.0004683,9.35E-05,0.1234,0.01529,4.005,0.01241,0,1,0
600000000,900000000,17109330,101,5773921,0.03455,0.008713,0.01279,0.004631,0.004829,0.008896,0.0005016,9.73E-05,0.09827,0.01987,3.52,0.0105,0,1,0
600000000,900000000,17109330,102,4304844663,0.03375,0.008682,0.01306,0.00367,0.003967,0.009018,0.0004244,9.54E-05,0.109,0.01436,3.53,0.009733,0,1,0
600000000,900000000,17109330,103,1436379073,0.03699,0.008469,0.01215,0.003647,0.003857,0.008835,0.0007496,0.000102,0.1431,0.02744,3.814,0.01134,0,1,0
600000000,900000000,17109330,104,2344000522,0.03442,0.00914,0.01282,0.004005,0.004295,0.009308,0.0006685,9.82E-05,0.08423,0.02301,3.78,0.01153,0,1,0
600000000,900000000,17109330,105,336058783,0.0332,0.009369,0.01277,0.00441,0.004623,0.009567,0.0007687,0.0001097,0.1084,0.02542,3.395,0.01005,0,1,0
600000000,900000000,17109330,106,7195364,0.03351,0.009247,0.01279,0.003605,0.003914,0.009445,0.000576,0.000102,0.09326,0.01901,3.358,0.00997,0,1,0
600000000,900000000,17109330,107,6566950,0.03906,0.008652,0.01282,0.002251,0.002449,0.009125,0.0006428,0.0001163,0.1239,0.02014,3.321,0.009092,0,1,0
600000000,900000000,17109330,108,82789744,0.03055,0.008728,0.01279,0.004234,0.004532,0.008881,0.000658,9.06E-05,0.1014,0.02151,3.401,0.01004,0,1,0
600000000,900000000,17109330,109,336074059,0.03247,0.008224,0.01114,0.003822,0.004028,0.008377,0.0007458,0.000103,0.09436,0.02377,3.313,0.009467,0,1,0
600000000,900000000,17109330,110,336051848,0.02823,0.007996,0.011,0.002956,0.003155,0.008148,0.0006399,0.0001211,0.1066,0.02435,3.401,0.009879,0,1,0
600000000,900000000,17109330,111,967306076,0.03302,0.008362,0.01187,0.003204,0.003403,0.008545,0.0004311,9.44E-05,0.1036,0.01265,3.519,0.01067,0,1,0
600000000,900000000,17109330,112,381126,0.03601,0.00882,0.01282,0.004143,0.004349,0.009109,0.0006132,9.35E-05,0.1039,0.022,3.692,0.0105,0,1,0
600000000,900000000,17109330,113,21,0.03406,0.008545,0.0125,0.002419,0.00272,0.008987,0.0005169,0.000123,0.1282,0.02078,3.736,0.01103,0,1,0
600000000,900000000,17109330,114,336041052,0.03027,0.008514,0.01294,0.005295,0.005501,0.008667,0.0006151,0.000102,0.1085,0.02557,2.995,0.008264,0,1,0
600000000,900000000,17109330,115,38684717,0.03174,0.008759,0.01276,0.004333,0.004654,0.008911,0.0006886,9.92E-05,0.1049,0.02228,3.287,0.008816,0,1,0
600000000,900000000,17109330,116,294933861,0.03058,0.008377,0.01186,0.003452,0.003654,0.008575,0.000515,0.000123,0.08203,0.02386,3.697,0.0115,0,1,0
600000000,900000000,17109330,117,3514428408,0.03552,0.008545,0.01254,0.004189,0.004456,0.00885,0.0005064,0.0001259,0.09448,0.02029,3.972,0.01179,0,1,0
600000000,900000000,17109330,118,6564891,0.03967,0.008789,0.0128,0.004959,0.005165,0.008942,0.0006933,0.0001059,0.1171,0.02472,3.912,0.01124,0,1,0
600000000,900000000,17109330,119,317302890,0.03973,0.009415,0.01282,0.003296,0.003593,0.009583,0.0005236,8.97E-05,0.08655,0.01593,4.311,0.01284,0,1,0
600000000,900000000,17109330,120,1271783,0.03583,0.00882,0.01277,0.004921,0.005127,0.008972,0.0005989,0.0001163,0.1375,0.02301,3.501,0.00994,0,1,0
600000000,900000000,17109330,121,711635,0.03522,0.008728,0.01276,0.00399,0.00428,0.009109,0.0005522,9.44E-05,0.1113,0.01971,3.786,0.01044,0,1,0
600000000,900000000,17109330,122,351638035,0.03528,0.007774,0.01085,0.003967,0.004257,0.007935,0.0005016,9.54E-05,0.1211,0.01749,3.516,0.01059,0,1,0
600000000,900000000,17109330,123,2157964271,0.04077,0.008728,0.01292,0.00285,0.003048,0.008942,0.0008144,0.0001163,0.1318,0.02802,3.579,0.01038,0,1,0
600000000,900000000,17109330,124,367886060,0.03021,0.008774,0.01276,0.004845,0.005051,0.008942,0.0007544,9.54E-05,0.1042,0.02579,3.389,0.00957,0,1,0
600000000,900000000,17109330,125,336061913,0.02838,0.008728,0.0127,0.004501,0.004707,0.00885,0.0005817,9.92E-05,0.08435,0.02307,2.753,0.007074,0,1,0
600000000,900000000,17109330,126,294887259,0.03021,0.007736,0.01083,0.003658,0.003937,0.007874,0.0008698,9.73E-05,0.07458,0.02594,3.013,0.008231,0,1,0
600000000,900000000,17109330,127,32097191,0.03955,0.008591,0.01268,0.003254,0.003548,0.008972,0.0007238,0.000102,0.099,0.02051,3.846,0.01094,0,1,0
600000000,900000000,17109330,128,1320016,0.03491,0.008575,0.01268,0.004204,0.00441,0.008926,0.0007248,0.0001211,0.1173,0.03442,4.207,0.01258,0,1,0
600000000,900000000,17109330,129,6571124,0.03085,0.008667,0.01279,0.004814,0.005051,0.008942,0.0005865,0.0001135,0.08569,0.01801,3.071,0.007797,0,1,0
600000000,900000000,17109330,130,226823026,0.03302,0.008743,0.01282,0.004791,0.00499,0.008881,0.000638,9.25E-05,0.1207,0.01779,3.614,0.01022,0,1,0
600000000,900000000,17109330,131,1436373687,0.03967,0.008942,0.01279,0.004616,0.004967,0.009125,0.0006933,0.0001116,0.1056,0.02637,3.892,0.01113,0,1,0
600000000,900000000,17109330,132,554448185,0.02908,0.007706,0.01085,0.003853,0.004066,0.007889,0.000576,0.0001221,0.09131,0.02216,3.597,0.01052,0,1,0
600000000,900000000,17109330,133,1275158,0.03516,0.00882,0.0128,0.00486,0.005066,0.009033,0.0007563,0.0001068,0.1073,0.02573,3.378,0.01007,0,1,0
600000000,900000000,17109330,134,277453811,0.03296,0.008575,0.01289,0.00415,0.004349,0.008774,0.0007095,9.73E-05,0.1047,0.02521,3.181,0.00945,0,1,0
600000000,900000000,17109330,135,336047605,0.03253,0.00798,0.01106,0.003891,0.004097,0.008148,0.0007658,0.000102,0.109,0.022,3.052,0.008755,0,1,0
600000000,900000000,17109330,136,448781616,0.03619,0.008881,0.0128,0.004753,0.004951,0.009018,0.0005283,0.000102,0.1136,0.01385,3.799,0.01092,0,1,0
600000000,900000000,17109330,137,16915975,0.03033,0.008606,0.01242,0.004143,0.004356,0.008972,0.0004063,0.000104,0.1035,0.01892,3.451,0.009152,0,1,0
600000000,900000000,17109330,138,63,0.03339,0.00853,0.01271,0.004692,0.00499,0.008789,0.0006094,9.44E-05,0.1096,0.02393,3.866,0.0124,0,1,0
600000000,900000000,17109330,139,351604304,0.04016,0.00824,0.01184,0.003349,0.003548,0.008484,0.000494,0.0001173,0.1294,0.01486,3.871,0.01105,0,1,0
600000000,900000000,17109330,140,1695481,0.03601,0.008682,0.01288,0.003414,0.003624,0.009064,0.0008221,0.000102,0.1309,0.026,3.88,0.01141,0,1,0
600000000,900000000,17109330,141,788651691,0.03412,0.008682,0.0128,0.004845,0.005135,0.00885,0.0005445,0.000123,0.1077,0.02121,3.743,0.01077,0,1,0
600000000,900000000,17109330,142,381384,0.03253,0.008606,0.01271,0.003391,0.003586,0.008911,0.0004559,8.77E-05,0.1174,0.01901,3.956,0.01156,0,1,0
600000000,900000000,17109330,143,372629480,0.03741,0.007965,0.01096,0.003319,0.003551,0.008118,0.0004559,9.54E-05,0.1272,0.01393,4.1,0.01234,0,1,0
600000000,900000000,17109330,144,97960088,0.03564,0.008575,0.01279,0.005302,0.005486,0.008789,0.000679,0.0001211,0.1154,0.02429,3.036,0.007327,0,1,0
600000000,900000000,17109330,145,610492276,0.03137,0.007683,0.01079,0.003578,0.00375,0.007874,0.0006218,8.97E-05,0.1024,0.02551,3.32,0.009642,0,1,0
600000000,900000000,17109330,146,1273131,0.03473,0.008545,0.01282,0.004509,0.004715,0.009018,0.0008554,0.000102,0.1024,0.02585,3.522,0.01008,0,1,0
600000000,900000000,17109330,147,85352385,0.03091,0.00882,0.01268,0.004745,0.004959,0.008942,0.0007133,9.54E-05,0.1144,0.01479,3.462,0.01037,0,1,0
600000000,900000000,17109330,148,3136599470,0.03528,0.00882,0.01268,0.004326,0.004555,0.008987,0.0005341,9.44E-05,0.1299,0.01822,3.797,0.01153,0,1,0
600000000,900000000,17109330,149,400426643,0.03079,0.00766,0.01083,0.003723,0.004173,0.007797,0.0006056,8.68E-05,0.08557,0.02057,3.196,0.009789,0,1,0
600000000,900000000,17109330,150,7776610,0.03967,0.008636,0.01276,0.004944,0.005234,0.008835,0.0006666,9.35E-05,0.1426,0.02408,4.384,0.01269,0,1,0
600000000,900000000,17109330,151,38686555,0.03113,0.00795,0.011,0.003716,0.003906,0.00824,0.0007181,0.000103,0.09924,0.02264,3.282,0.009158,0,1,0
600000000,900000000,17109330,152,1726343274,0.03125,0.007782,0.01085,0.003662,0.004128,0.007965,0.0005236,9.16E-05,0.08984,0.01036,3.028,0.008913,0,1,0
600000000,900000000,17109330,153,336055875,0.0311,0.008682,0.01279,0.004936,0.005196,0.008835,0.0007296,0.0001011,0.09753,0.02808,3.202,0.009517,0,1,0
600000000,900000000,17109330,154,6568018,0.03503,0.009094,0.01276,0.004425,0.004723,0.009262,0.0006609,8.77E-05,0.1152,0.0228,3.979,0.01193,0,1,0
600000000,900000000,17109330,155,257337632,0.0351,0.007721,0.01086,0.003391,0.003586,0.007904,0.0005093,0.0001183,0.12,0.02106,3.811,0.01189,0,1,0
600000000,900000000,17109330,156,6226704737,0.03485,0.007683,0.01086,0.003944,0.004204,0.007889,0.0006447,0.000124,0.1167,0.02393,3.726,0.009582,0,1,0
600000000,900000000,17109330,157,257340274,0.03827,0.009216,0.01277,0.00457,0.004776,0.009369,0.0006399,0.0001163,0.1067,0.01721,3.63,0.01086,0,1,0
600000000,900000000,17109330,158,82771227,0.02887,0.008224,0.0112,0.003738,0.004036,0.008453,0.0005178,0.0001011,0.09851,0.01749,2.943,0.00763,0,1,0
600000000,900000000,17109330,159,317808371,0.03705,0.008652,0.01183,0.003727,0.004021,0.008835,0.0005512,0.000104,0.1202,0.01736,3.253,0.008981,0,1,0
600000000,900000000,17109330,160,1441418781,0.03589,0.009155,0.01276,0.004051,0.004257,0.009323,0.0007505,8.87E-05,0.0885,0.02142,3.954,0.01214,0,1,0
600000000,900000000,17109330,161,6571217,0.03864,0.009384,0.01279,0.003063,0.003365,0.009674,0.0007391,0.0001078,0.1224,0.03122,3.633,0.01063,0,1,0
600000000,900000000,17109330,162,317471620,0.03479,0.008072,0.01106,0.003624,0.003815,0.00824,0.0004587,0.0001211,0.08423,0.01865,4.206,0.01298,0,1,0
600000000,900000000,17109330,163,1273307,0.03479,0.008484,0.01234,0.003914,0.004112,0.008728,0.0005999,0.0001011,0.09692,0.02106,3.527,0.008889,0,1,0
600000000,900000000,17109330,164,6566940,0.03827,0.00856,0.01231,0.002514,0.002708,0.009079,0.0004597,0.0001211,0.105,0.02579,4.163,0.01206,0,1,0
600000000,900000000,17109330,165,326053736,0.03479,0.008606,0.0128,0.004295,0.004501,0.008896,0.0005426,9.54E-05,0.11,0.0188,3.657,0.009881,0,1,0
600000000,900000000,17109330,166,765838,0.03558,0.008469,0.01224,0.003838,0.004028,0.008789,0.0004559,9.92E-05,0.1166,0.01715,3.812,0.01041,0,1,0
600000000,900000000,17109330,167,4245942189,0.03369,0.008713,0.01291,0.003944,0.004143,0.00914,0.0005865,9.92E-05,0.09436,0.02441,3.598,0.01043,0,1,0
600000000,900000000,17109330,168,317489987,0.03967,0.008789,0.01279,0.002323,0.002525,0.008957,0.0006933,9.73E-05,0.09192,0.06274,4.168,0.01209,0,1,0
600000000,900000000,17109330,169,294934177,0.03192,0.008484,0.0127,0.004501,0.004707,0.008682,0.0007076,0.0001049,0.1039,0.02072,3.357,0.0105,0,1,0
600000000,900000000,17109330,170,2357190483,0.02786,0.008804,0.01277,0.004776,0.005127,0.008942,0.0005751,0.0001087,0.0946,0.02258,2.611,0.00622,0,1,0
600000000,900000000,17109330,171,294953534,0.03085,0.008636,0.01271,0.004372,0.004669,0.008804,0.0005846,0.0001202,0.1057,0.01779,3.855,0.01175,0,1,0
600000000,900000000,28185708,0,1515392980,0.0009184,0.006676,0.009705,0.0001097,0.000247,0.006676,0,0,0.002838,0,2.946,0.007978,0,0,0.001215
600000000,900000000,28185708,1,1093339,0.0007734,0.006645,0.009689,0.0001583,0.0002937,0.006653,0,0,0.003422,7.15E-05,2.312,0.006036,0,0,0.0003061
600000000,900000000,28185708,2,305387614,0.0008545,0.006813,0.009689,0.0001326,0.0002022,0.006813,0,0,0.002724,0,2.521,0.006972,0,0,0.000351
600000000,900000000,28185708,3,351642852,0.0008783,0.006767,0.00972,8.58E-05,0.0001526,0.006775,0,0,0.005386,0,2.741,0.007798,0,0,0.002552
600000000,900000000,28185708,4,1439159152,0.0007191,0.006493,0.009689,5.72E-06,0.0001402,0.006493,0,0,0.002396,7.15E-05,2.191,0.00576,0,0,0.0004854
600000000,900000000,28185708,5,294980400,0.0006037,0.006592,0.009705,0.0001173,0.0001888,0.006592,0,0,0.003315,7.15E-05,1.892,0.004303,0,0,0.001268
600000000,900000000,28185708,6,38700108,0.0008268,0.006554,0.009689,5.91E-05,0.000186,0.006561,0,0,0.05304,7.15E-05,2.681,0.007499,0,0,0.0002422
600000000,900000000,28185708,7,288806451,0.0008001,0.006882,0.009689,9.35E-05,0.0001974,0.006882,0,0,0.002617,7.15E-05,2.593,0.007569,0,0,8.58E-05
600000000,900000000,28185708,8,2111070911,0.0006132,0.005035,0.007767,0.0001354,0.0002689,0.005074,0,0,0.00211,0,3.208,0.009518,0,0,0.0002489
600000000,900000000,28185708,9,336037245,0.000741,0.006584,0.009689,0.0001574,0.0002918,0.006584,0,0,0.00238,7.15E-05,2.247,0.005971,0,0,0.0003958
600000000,900000000,28185708,10,336045695,0.0007906,0.006676,0.009689,0.0001125,0.0002489,0.006676,0,0,0.002926,0,2.538,0.007674,0,0,0.001078
600000000,900000000,35229152,0,1319472894,0.07166,0.01349,0.01923,0.001188,0.001348,0.01367,0.001734,4.10E-05,0.08337,0.01108,1.208,0.0005669,0,1,0
600000000,900000000,35229152,1,1271934,0.07117,0.01361,0.01926,0.0007992,0.0009394,0.01379,0.001566,4.01E-05,0.1406,0.00885,1.193,0.0006287,0,1,0
600000000,900000000,35229152,2,288787213,0.07043,0.01372,0.01923,0.0006685,0.0007362,0.0139,0.001553,4.01E-05,0.1562,0.006287,1.216,0.0006424,0,1,0
600000000,900000000,39308684,0,1761001936,0.0001354,0.04242,0.05054,0.0005636,0.0008316,0.04242,2.86E-06,0.0001011,0.001371,0.0002146,9.55,0.04213,0,1,0
600000000,900000000,39308684,1,13009126,0.0001392,0.04254,0.05042,0.0003519,0.0007315,0.04254,1.91E-06,0.0001001,0.003685,0.0001431,13.08,0.05908,0,1,0
600000000,900000000,39308688,0,97957309,0.0001812,0.0329,0.04468,0.0002909,0.000638,0.0329,2.86E-06,7.15E-05,0.003555,0.0001431,5.626,0.02108,0,1,0
600000000,900000000,39308688,1,1099042,0.0001745,0.03296,0.04456,0.0005455,0.0009279,0.03296,1.91E-06,7.15E-05,0.02643,7.15E-05,5.936,0.02578,0,1,0
600000000,900000000,39308692,0,336047708,0.0001144,0.07959,0.08728,0.000885,0.001188,0.07959,1.91E-06,0.0001774,0.002155,0.0001431,4.284,0.02153,0,1,0
600000000,900000000,39308692,1,336055582,0.0001364,0.0791,0.08728,0.0007095,0.0008984,0.0791,1.91E-06,0.0001774,0.003296,7.15E-05,9.263,0.04289,0,1,0
600000000,900000000,46542951,0,336048559,0.004417,0.004395,0.007683,0.0007887,0.0009317,0.004532,0.0004416,1.91E-05,0.06921,0.003571,3.441,0.01206,0,1,0
600000000,900000000,46542951,1,336069364,0.001589,0.004677,0.009659,0.0009212,0.001015,0.004715,0.000164,1.91E-05,0.02209,0.003784,5.252,0.01812,0,1,0
600000000,900000000,86753913,0,906287,0.0249,0.004013,0.007561,0.004478,0.00457,0.004135,0.0004835,3.72E-05,0.05463,0.0202,3.729,0.00942,0,0,0.0213
600000000,900000000,86753913,1,294880136,0.02319,0.004066,0.007538,0.004417,0.004501,0.004196,0.0004988,3.82E-05,0.03906,0.02429,3.528,0.00872,0,0,0.0238
600000000,900000000,86753913,2,317346629,0.02615,0.003998,0.007545,0.003895,0.004074,0.004166,0.0003777,3.72E-05,0.1102,0.01372,3.861,0.008221,0,0,0.03857
600000000,900000000,98680993,0,501421958,0.0001802,0.0495,0.05817,0.0003386,0.0006657,0.0495,1.91E-06,0.0001202,0.004135,7.15E-05,5.868,0.02415,0,1,0
600000000,900000000,98680993,1,3810807041,0.0001869,0.04956,0.05817,0.0004396,0.0008326,0.04956,7.63E-06,0.0001211,0.004807,0.001785,6.293,0.0265,0,1,0
600000000,900000000,105360316,0,926258178,0.006332,0.03491,0.04272,0.0001431,0.0002937,0.03516,0.0006819,3.62E-05,0.1294,0.04022,1.577,0.002473,0,0,0.07458
600000000,900000000,106664144,0,2343482865,0.000144,0.06323,0.0719,0.000721,0.001127,0.06323,2.86E-06,0.000144,0.002556,0.0002861,10.05,0.04454,0,1,0
600000000,900000000,106664144,1,491785654,0.000165,0.06323,0.0719,0.0002155,0.0006142,0.06323,1.91E-06,0.0001411,0.003822,0.0001431,7.547,0.03188,0,1,0
600000000,900000000,109341524,0,2697940353,0.0002174,0.04749,0.05438,0.0002823,0.0005913,0.04749,1.62E-05,0.0001068,0.01152,0.001286,5.964,0.02366,0,1,0
600000000,900000000,109341524,1,336038561,0.0002232,0.04755,0.05432,0.0001755,0.0004997,0.04761,1.91E-06,0.000103,0.01181,0.0001431,4.64,0.01971,0,1,0
600000000,900000000,109344935,0,478288620,0.0001383,0.03888,0.04663,0.000309,0.0006952,0.03888,2.86E-06,8.77E-05,0.002213,0.0003567,18.27,0.07816,0,1,0
600000000,900000000,109344935,1,961216589,0.0001183,0.03876,0.04657,0.0005312,0.0007029,0.03876,2.86E-06,8.58E-05,0.003723,0.0001431,8.33,0.04116,0,1,0
600000000,900000000,124371644,0,3198220573,7.82E-05,0.02036,0.02914,0.0001945,0.0004768,0.02036,2.86E-06,4.58E-05,0.001783,0.0004997,20.87,0.0983,0,1,0
600000000,900000000,124371644,1,38690597,6.29E-05,0.02051,0.02908,0.0003042,0.000639,0.02051,1.14E-05,4.77E-05,0.0009556,0.003071,24.89,0.1269,0,1,0
600000000,900000000,154376113,0,38646843,0.0009222,0.006439,0.009689,0.0004263,0.0005293,0.006638,3.24E-05,1.34E-05,0.06348,0.002071,9.774,0.04702,0,0,0.0003901
600000000,900000000,155171765,0,3865219503,0.0006819,0.09009,0.09717,0.0002251,0.0005188,0.09009,2.86E-06,0.0002079,0.008194,0.0002146,3.137,0.01153,0,1,0
600000000,900000000,155171765,1,7311325,0.000843,0.09021,0.09717,0.0002127,0.0005093,0.09021,3.82E-06,0.0002098,0.01791,0.0006428,3.326,0.01114,0,1,0
600000000,900000000,182939990,0,4469828987,0.008591,0.03436,0.04852,0.0007143,0.0008154,0.03448,0.0001507,0.0001907,0.03906,0.008362,6.75,0.01974,0,0,0.008957
600000000,900000000,182939990,1,317488460,0.009216,0.03079,0.04462,0.002228,0.002316,0.03082,0.0001602,0.0001879,0.02832,0.005646,6.257,0.01993,0,0,0.01334
600000000,900000000,182939990,2,6568111,0.006393,0.03412,0.04663,0.001411,0.001497,0.03418,0.0001459,0.0001888,0.05835,0.006287,4.844,0.01188,0,0,0.008041
600000000,900000000,192299653,0,82754513,0.01166,0.02219,0.0289,0.004097,0.004204,0.02219,5.72E-05,0.0003052,0.08801,0.001928,6.367,0.02844,0,0,0.01018
600000000,900000000,192299653,1,5772164,0.01021,0.02145,0.02887,0.005539,0.005608,0.02148,8.49E-05,0.000308,0.08362,0.00293,4.325,0.0158,0,0,0.009445
600000000,900000000,192299653,2,257500381,0.01311,0.02255,0.02939,0.002277,0.002365,0.02258,4.67E-05,0.0003014,0.08899,0.001215,6.42,0.02579,0,0,0.01282
600000000,900000000,192299653,3,1315252,0.01392,0.02213,0.02884,0.001707,0.001816,0.02222,5.82E-05,0.0002995,0.1017,0.004211,5.524,0.02157,0,0,0.005859
600000000,900000000,192299653,4,1093559,0.01405,0.02313,0.02899,0.001913,0.001968,0.02325,5.91E-05,0.0002995,0.09216,0.003998,7.289,0.02901,0,0,0.01395
600000000,900000000,192299653,5,711581,0.01015,0.02063,0.02704,0.00489,0.00502,0.02069,3.82E-05,0.0003042,0.04596,0.001429,5.142,0.01881,0,0,0.006432
600000000,900000000,192299653,6,340897416,0.01384,0.02274,0.02899,0.003727,0.003838,0.02277,8.39E-05,0.0003061,0.04913,0.002998,5.989,0.02604,0,0,0.009247
600000000,900000000,192299653,7,4820096477,0.01596,0.02243,0.02899,0.00246,0.002525,0.02246,4.10E-05,0.0003023,0.1399,0.001143,4.887,,0,0,0.01755
600000000,900000000,192299653,8,12933671,0.01292,0.02185,0.02893,0.004433,0.004539,0.02197,8.30E-05,0.0003071,0.09668,0.003143,4.777,0.0188,0,0,0.01578
600000000,900000000,192299653,9,6567643,0.01363,0.02185,0.02896,0.002892,0.002941,0.02188,7.73E-05,0.0003033,0.0481,0.005646,6.891,0.02769,0,0,0.01204
600000000,900000000,192299653,10,7781386,0.01524,0.02194,0.02899,0.004555,0.004669,0.02197,5.72E-05,0.000308,0.1058,0.001999,5.431,0.02136,0,0,0.01263
600000000,900000000,192299653,11,1436495192,0.009415,0.02231,0.02902,0.004143,0.004242,0.02252,9.73E-05,0.0003052,0.08472,0.01479,3.989,0.01425,0,0,0.004906
600000000,900000000,192299653,12,2150406816,0.01834,0.02203,0.02893,0.001411,0.001505,0.02206,6.77E-05,0.0002995,0.0542,0.002285,5.114,0.01954,0,0,0.01929
600000000,900000000,192299653,13,1436325693,0.01169,0.02222,0.02899,0.006737,0.006851,0.02225,5.05E-05,0.0003004,0.0929,0.001858,6.549,0.02639,0,0,0.009842
600000000,900000000,192299653,14,87264102,0.0135,0.02185,0.02899,0.004662,0.004776,0.02191,8.58E-05,0.000308,0.05353,0.002998,5.963,0.02339,0,0,0.01137
600000000,900000000,192299653,15,4820133029,0.01376,0.02127,0.02902,0.002151,0.002213,0.0213,4.58E-05,0.0003014,0.1064,0.002644,7.238,,0,0,0.008606
600000000,900000000,192299653,16,284755576,0.01302,0.02194,0.02896,0.003563,0.003674,0.02197,4.10E-05,0.0003061,0.1053,0.001499,6.24,0.02442,0,0,0.01434
600000000,900000000,192299653,17,1436369336,0.01016,0.02267,0.02896,0.002949,0.003059,0.02271,2.77E-05,0.0003033,0.08801,0.001072,5.143,0.01868,0,0,0.009476
600000000,900000000,192299653,18,351626708,0.01213,0.02188,0.02896,0.003166,0.003281,0.02188,3.82E-05,0.0003061,0.07849,0.001858,6.727,0.02734,0,0,0.01024
600000000,900000000,192299653,19,3242456446,0.01529,0.02161,0.02896,0.004707,0.004776,0.02164,3.82E-05,0.0003071,0.03564,0.001499,7.478,0.02966,0,0,0.017
600000000,900000000,192299653,20,4820429618,0.0153,0.02176,0.02899,0.001534,0.00165,0.02179,4.96E-05,0.0002975,0.09766,0.001286,5.301,,0,0,0.01312
600000000,900000000,192299653,21,4820031883,0.01474,0.02231,0.02899,0.002304,0.002419,0.02234,6.20E-05,0.0003014,0.05145,0.003357,6.653,,0,0,0.02545
600000000,900000000,192299653,22,4815459946,0.01639,0.0224,0.02896,0.003334,0.00341,0.02243,4.29E-05,0.0003033,0.078,0.001429,6.201,,0,0,0.01672
600000000,900000000,192299653,23,4820391160,0.01379,0.02222,0.02991,0.004982,0.005089,0.02225,3.34E-05,0.0003052,0.03601,0.0009995,8.903,,0,0,0.01363
600000000,900000000,192299653,24,660798,0.01308,0.01212,0.01926,0.003441,0.003578,0.01219,4.10E-05,2.38E-05,0.09131,0.001999,6.231,0.02486,0,0,0.01466
600000000,900000000,192299653,25,294894819,0.01125,0.02182,0.02899,0.005135,0.005234,0.02185,3.91E-05,0.0003071,0.03302,0.002071,6.001,0.02536,0,0,0.009933
600000000,900000000,192299653,26,351634839,0.01398,0.02182,0.02902,0.003029,0.003139,0.02185,4.86E-05,0.0002966,0.09204,0.001286,5.343,0.02039,0,0,0.02194
600000000,900000000,192299653,27,1271892,0.01347,0.02216,0.02893,0.006538,0.006607,0.02216,5.05E-05,0.0002966,0.08264,0.001785,5.628,0.02279,0,0,0.015
600000000,900000000,192299653,28,705724,0.01474,0.02161,0.02896,0.00473,0.004837,0.02164,7.44E-05,0.0003071,0.078,0.002144,6.173,0.02388,0,0,0.01279
600000000,900000000,192299653,29,207833103,0.01067,0.0224,0.02893,0.003597,0.003761,0.02243,4.01E-05,0.0003052,0.08691,0.002499,5.111,0.02003,0,0,0.01019
600000000,900000000,192299653,30,904770,0.013,0.02231,0.02902,0.00457,0.004684,0.02234,4.86E-05,0.0003071,0.08948,0.002144,5.524,0.02136,0,0,0.0114
600000000,900000000,192299653,31,4239638414,0.01111,0.02185,0.02893,0.005424,0.005539,0.02191,4.96E-05,0.0002937,0.08704,0.001358,4.008,0.01252,0,0,0.01231
600000000,900000000,192299653,32,3858945898,0.009506,0.02151,0.02893,0.006348,0.006462,0.02151,4.86E-05,0.0002956,0.03467,0.001642,5.183,0.02304,0,0,0.006638
600000000,900000000,192299653,33,351701561,0.01389,0.02173,0.02899,0.005638,0.005737,0.02176,7.25E-05,0.0002975,0.03467,0.002857,6.899,0.0292,0,0,0.01439
600000000,900000000,192299653,34,317470589,0.01451,0.0217,0.02899,0.003765,0.003853,0.0217,5.15E-05,0.0003052,0.03906,0.001642,5.84,0.02162,0,0,0.01228
600000000,900000000,192299653,35,38736850,0.01125,0.02289,0.02887,0.003044,0.003155,0.02289,6.49E-05,0.0003052,0.05267,0.002857,6.022,0.02359,0,0,0.008499
600000000,900000000,192299653,36,257346177,0.01476,0.02142,0.02902,0.007614,0.007729,0.02142,5.53E-05,0.000308,0.1035,0.002213,6.118,0.02522,0,0,0.007057
600000000,900000000,192299653,37,2107206511,0.01527,0.02216,0.02902,0.004684,0.004791,0.02219,4.10E-05,0.0002966,0.09229,0.002285,6.645,0.01862,0,0,0.01678
600000000,900000000,192299653,38,903235,0.01343,0.0217,0.02902,0.001501,0.001535,0.02173,4.29E-05,0.0003004,0.08545,0.001358,6.541,0.02596,0,0,0.01018
600000000,900000000,192299653,39,318411570,0.009811,0.02185,0.02893,0.006256,0.006378,0.02188,4.10E-05,0.0002966,0.05609,0.001215,4.945,0.01994,0,0,0.0103
600000000,900000000,192299653,40,927860065,0.01378,0.02176,0.02896,0.002396,0.002506,0.02194,8.87E-05,0.0003014,0.09949,0.003571,4.863,0.01905,0,0,0.01871
600000000,900000000,192299653,41,317477855,0.01404,0.02167,0.02896,0.001753,0.001869,0.0217,7.25E-05,0.0003004,0.05627,0.00243,6.757,0.02582,0,0,0.015
600000000,900000000,192299653,42,3463939774,0.01343,0.02188,0.02905,0.003178,0.003262,0.02188,4.29E-05,0.0003033,0.1002,0.001499,6.359,0.0247,0,0,0.01015
600000000,900000000,192299653,43,708535613,0.01347,0.02197,0.02896,0.006203,0.006317,0.022,4.39E-05,0.0002975,0.08911,0.001999,5.456,0.0213,0,0,0.008301
600000000,900000000,192299653,44,4868193536,0.01085,0.02173,0.02896,0.005402,0.005455,0.02179,3.24E-05,0.0002956,0.07227,0.0009995,5.406,0.02094,0,0,0.009964
600000000,900000000,192299653,45,336023614,0.01015,0.02274,0.0289,0.001545,0.001667,0.02277,5.72E-05,0.0003004,0.0636,0.002857,4.891,0.01949,0,0,0.00882
600000000,900000000,192299653,46,3890244170,0.009415,0.02188,0.02893,0.001173,0.001278,0.02194,6.29E-05,0.0002985,0.09241,0.002071,4.686,0.01683,0,0,0.008179
600000000,900000000,192299653,47,336021540,0.01175,0.02225,0.02893,0.00666,0.006775,0.02228,6.20E-05,0.0003033,0.04767,0.002644,6.127,0.02538,0,0,0.01207
600000000,900000000,192299653,48,1272215,0.01186,0.02161,0.02896,0.002075,0.00219,0.0217,5.34E-05,0.0003023,0.06158,0.001572,5.579,0.02435,0,0,0.008972
600000000,900000000,192299653,49,711251,0.01262,0.02213,0.02893,0.002598,0.002659,0.02216,3.15E-05,0.0003023,0.03589,0.001358,7.937,0.0313,0,0,0.009979
600000000,900000000,192299653,50,3867931922,0.01233,0.02206,0.02893,0.001991,0.002102,0.02213,4.48E-05,0.0002995,0.05396,0.002785,4.595,0.01725,0,0,0.01025
600000000,900000000,192299653,51,1515392980,0.01399,0.02219,0.02902,0.004341,0.004425,0.02228,4.39E-05,0.0003042,0.09131,0.002285,6.845,0.0273,0,0,0.05066
600000000,900000000,192299653,52,2893790008,0.01282,0.02222,0.02899,0.00156,0.001682,0.02228,6.87E-05,0.0003004,0.047,0.004143,6.311,0.02492,0,0,0.01553
600000000,900000000,192299653,53,4820110704,0.01584,0.02246,0.02899,0.003151,0.003258,0.02252,4.96E-05,0.0003033,0.07373,0.001143,6.028,,0,0,0.01672
600000000,900000000,192299653,54,351607162,0.01274,0.02194,0.02899,0.004265,0.004379,0.02194,5.53E-05,0.0003061,0.06824,0.00293,5.777,0.02278,0,0,0.01718
600000000,900000000,192299653,55,1331993,0.01225,0.02213,0.02902,0.002537,0.002636,0.02219,0.0001335,0.0003023,0.07092,0.005074,5.088,0.01814,0,0,0.01718
600000000,900000000,192299653,56,381368,0.01311,0.02228,0.02896,0.002045,0.002151,0.02234,5.05E-05,0.0003004,0.07874,0.002571,5.424,0.01978,0,0,0.01416
600000000,900000000,192299653,57,3938910974,0.01456,0.02206,0.02899,0.004013,0.004128,0.02213,5.05E-05,0.0002966,0.0791,0.002716,6.335,0.02468,0,0,0.007637
600000000,900000000,192299653,58,3545697508,0.009018,0.02234,0.0289,0.005554,0.005661,0.02234,3.53E-05,0.0002937,0.1154,0.002285,5.043,0.01738,0,0,0.005226
600000000,900000000,192299653,59,902886,0.01022,0.02258,0.02896,0.002598,0.002689,0.02258,3.43E-05,0.0003023,0.06128,0.001499,4.692,0.01669,0,0,0.006714
600000000,900000000,192299653,60,294935062,0.01292,0.02246,0.0289,0.006447,0.006577,0.02252,4.01E-05,0.000308,0.08691,0.001642,5.064,0.01896,0,0,0.01237
600000000,900000000,192299653,61,539356093,0.01439,0.02231,0.02899,0.005951,0.006065,0.02237,8.49E-05,0.0002956,0.07739,0.003143,5.9,0.02459,0,0,0.01886
600000000,900000000,192299653,62,616478886,0.01024,0.02246,0.02899,0.006462,0.006622,0.02249,3.24E-05,0.0003061,0.04462,0.001215,5.39,0.02014,0,0,0.008591
600000000,900000000,192299653,63,38738181,0.01105,0.02167,0.02893,0.00473,0.004837,0.02173,6.68E-05,0.0003071,0.03833,0.001858,5.133,0.02091,0,0,0.009628
600000000,900000000,192299653,64,329055032,0.00975,0.02249,0.02893,0.004295,0.00441,0.02249,8.87E-05,0.0002937,0.07336,0.002644,5.559,0.02432,0,0,0.01184
600000000,900000000,192299653,65,3689260641,0.01128,0.02151,0.02899,0.005165,0.005272,0.02155,4.86E-05,0.0002966,0.09143,0.003071,5.125,0.0195,0,0,0.01047
600000000,900000000,192299653,66,611259118,0.0154,0.02115,0.0271,0.004379,0.004494,0.02118,6.68E-05,0.000308,0.06323,0.002499,4.083,0.01511,0,0,0.01003
600000000,900000000,192299653,67,1093204,0.01387,0.02283,0.0289,0.001507,0.001616,0.02283,0.000102,0.0003004,0.05884,0.00293,6.781,0.02812,0,0,0.01251
600000000,900000000,192299653,68,4820250647,0.01691,0.02164,0.02899,0.005722,0.005836,0.02164,6.77E-05,0.0002956,0.09839,0.003502,7.432,,0,0,0.02014
600000000,900000000,192299653,69,3676415236,0.01169,0.02243,0.02899,0.006546,0.006668,0.02246,4.39E-05,0.0002975,0.05988,0.001499,4.741,0.01619,0,0,0.009109
600000000,900000000,192299653,70,486699,0.01317,0.02188,0.02899,0.002064,0.002079,0.02194,5.15E-05,0.0003014,0.08984,0.001715,7.144,0.02956,0,0,0.02008
600000000,900000000,192299653,71,4081219342,0.01164,0.02179,0.02899,0.003967,0.004082,0.02185,5.25E-05,0.0003061,0.07947,0.002857,6.007,0.02411,0,0,0.01324
600000000,900000000,192299653,72,902367,0.01118,0.02209,0.02902,0.004059,0.004173,0.02216,4.48E-05,0.0002975,0.0896,0.002644,5.163,0.0181,0,0,0.005318
600000000,900000000,192299653,73,30789398,0.013,0.02219,0.0289,0.00141,0.001534,0.02222,8.30E-05,0.0002995,0.1156,0.005928,4.317,0.01577,0,0,0.007858
600000000,900000000,192299653,74,1269761,0.01294,0.02179,0.02896,0.002026,0.00211,0.02182,4.29E-05,0.0003014,0.04321,0.002144,4.408,0.01485,0,0,0.01874
600000000,900000000,192299653,75,4820453791,0.01682,0.02161,0.02899,0.006317,0.006386,0.02161,5.25E-05,0.0002956,0.09888,0.001928,5.926,,0,0,0.03098
600000000,900000000,192299653,76,351655236,0.01073,0.02206,0.02896,0.001871,0.001984,0.02213,4.10E-05,0.0003023,0.09973,0.001715,4.684,0.01663,0,0,0.008453
600000000,900000000,192299653,77,449612510,0.01025,0.02246,0.02884,0.003975,0.004143,0.02249,4.67E-05,0.0003061,0.07385,0.001215,5.068,0.02022,0,0,0.007271
600000000,900000000,192299653,78,272868975,0.01392,0.02234,0.02905,0.005585,0.005699,0.02237,5.72E-05,0.0002947,0.09875,0.002213,5.006,0.01955,0,0,0.01268
600000000,900000000,192299653,79,372620492,0.01509,0.02191,0.02899,0.001932,0.002045,0.02194,5.72E-05,0.0003004,0.05054,0.002998,6.997,0.02791,0,0,0.01526
600000000,900000000,192299653,80,295001076,0.01134,0.02283,0.02887,0.002991,0.003101,0.02283,3.43E-05,0.0002966,0.02908,0.001143,5.772,0.02385,0,0,0.009201
600000000,900000000,192299653,81,5489339178,0.0141,0.02234,0.02896,0.004662,0.004768,0.0224,4.29E-05,0.0002937,0.07568,0.001286,5.904,0.02316,0,0,0.01572
600000000,900000000,192299653,82,4820279445,0.0166,0.02191,0.02902,0.004257,0.004318,0.02197,5.63E-05,0.000308,0.08484,0.002998,5.648,,0,0,0.01099
600000000,900000000,192299653,83,5655258253,0.01804,0.01981,0.02704,0.006859,0.006966,0.01996,7.06E-05,0.0003052,0.09827,0.002499,5.669,0.02222,0,0,0.02042
600000000,900000000,192299653,84,6566421,0.01581,0.02167,0.02896,0.00383,0.003937,0.0217,5.34E-05,0.0003061,0.08655,0.001928,6.35,0.02534,0,0,0.01505
600000000,900000000,192299653,85,1270933,0.017,0.0224,0.02896,0.004326,0.004433,0.02243,5.44E-05,0.000308,0.08362,0.001642,6.03,0.02367,0,0,0.01305
600000000,900000000,192299653,86,16915974,0.01584,0.02234,0.02899,0.003204,0.003315,0.02234,6.49E-05,0.0003052,0.04065,0.005714,6.023,0.02316,0,0,0.01639
600000000,900000000,192299653,87,9786982,0.01334,0.02188,0.02896,0.006355,0.006454,0.02188,8.39E-05,0.0002966,0.03491,0.003284,5.345,0.01956,0,0,0.01819
600000000,900000000,192299653,88,1269058,0.01291,0.02234,0.02896,0.003807,0.003906,0.0224,6.58E-05,0.0003061,0.04633,0.003284,8.685,0.03562,0,0,0.01181
600000000,900000000,192299653,89,2055351239,0.01285,0.02213,0.0289,0.001793,0.001904,0.02216,3.91E-05,0.0003014,0.06848,0.001499,4.321,0.01603,0,0,0.01285
600000000,900000000,192299653,90,257408789,0.01398,0.02255,0.02899,0.006271,0.006393,0.02258,7.34E-05,0.0002975,0.08057,0.004715,6.281,0.02643,0,0,0.01123
600000000,900000000,192299653,91,257407461,0.01584,0.02179,0.02902,0.004265,0.004372,0.02185,4.67E-05,0.0003023,0.07373,0.001572,6.42,0.02652,0,0,0.0202
600000000,900000000,192299653,92,351612837,0.01035,0.02225,0.02899,0.003685,0.003826,0.02225,4.10E-05,0.0003052,0.08997,0.001429,5.142,0.01994,0,0,0.01141
600000000,900000000,192299653,93,63619231,0.0132,0.02206,0.0289,0.003513,0.003628,0.02206,8.20E-05,0.0003061,0.1106,0.00293,4.422,0.01821,0,0,0.0202
600000000,900000000,192299653,94,257337213,0.02084,0.02167,0.02899,0.004623,0.004707,0.0217,8.01E-05,0.0003061,0.08569,0.003357,7.314,0.03047,0,0,0.02533
600000000,900000000,192299653,95,376263236,0.01492,0.02203,0.02893,0.002678,0.00275,0.02213,4.58E-05,0.0003033,0.09399,0.002357,5.789,0.02329,0,0,0.01544
600000000,900000000,192299653,96,3583149260,0.01584,0.02216,0.02899,0.004028,0.004143,0.02219,5.05E-05,0.0003052,0.09167,0.002285,7.251,0.02887,0,0,0.01335
600000000,900000000,192299653,97,317488461,0.01526,0.02179,0.02896,0.005898,0.006035,0.02182,4.77E-05,0.0002975,0.07861,0.001499,5.396,0.01906,0,0,0.0154
600000000,900000000,192299653,98,376288168,0.01213,0.02261,0.0289,0.006279,0.006409,0.02261,9.73E-05,0.0002956,0.06531,0.00293,6.398,0.02569,0,0,0.008392
600000000,900000000,192299653,99,3915235287,0.01135,0.02161,0.02905,0.006088,0.006157,0.02164,4.01E-05,0.0002947,0.03699,0.001429,6.46,0.02584,0,0,0.01118
600000000,900000000,192299653,100,1338920,0.01022,0.02191,0.02896,0.003429,0.003544,0.02194,3.34E-05,0.0003052,0.08447,0.001429,5.927,0.02338,0,0,0.008057
600000000,900000000,192299653,101,317302940,0.009506,0.02283,0.02899,0.005745,0.005867,0.02286,3.43E-05,0.0002956,0.09607,0.001429,4.627,0.01561,0,0,0.01169
600000000,900000000,192299653,102,6566940,0.01599,0.02176,0.02899,0.001232,0.001295,0.02179,6.10E-05,0.0002995,0.0863,0.002571,5.632,0.02113,0,0,0.01575
600000000,900000000,192299653,103,351641902,0.0126,0.02173,0.02899,0.00399,0.004105,0.02176,4.10E-05,0.0003061,0.03125,0.001572,5.599,0.0223,0,0,0.01335
600000000,900000000,192299653,104,1093516,0.009354,0.01889,0.02499,0.006058,0.006218,0.01889,2.96E-05,0.0001669,0.02676,0.001642,5.227,0.01955,0,0,0.01262
600000000,900000000,192299653,105,317497247,0.01328,0.02209,0.02893,0.004013,0.004112,0.02213,7.63E-05,0.0003071,0.08508,0.006355,3.376,0.01227,0,0,0.01035
600000000,900000000,192299653,106,463289792,0.0162,0.02209,0.02902,0.001272,0.001364,0.02213,6.39E-05,0.0002995,0.09399,0.002785,5.455,0.02121,0,0,0.02142
600000000,900000000,192299653,107,2496984564,0.01346,0.02151,0.02905,0.005081,0.005196,0.02173,5.82E-05,0.0003014,0.1084,0.002357,5.701,0.02481,0,0,0.01877
600000000,900000000,192299653,108,336053720,0.01645,0.02234,0.02881,0.002544,0.002655,0.02237,5.53E-05,0.0003023,0.08691,0.001928,5.438,0.02201,0,0,0.02045
600000000,900000000,192299653,109,351604753,0.01816,0.02173,0.02899,0.003944,0.004059,0.02173,9.06E-05,0.0003052,0.07666,0.002857,5.781,0.02405,0,0,0.01971
600000000,900000000,192299653,110,351701759,0.01312,0.02213,0.02899,0.002998,0.003117,0.02213,4.10E-05,0.0003033,0.08716,0.001358,6.264,0.02525,0,0,0.01036
600000000,900000000,192299653,111,2886921013,0.01492,0.02219,0.02893,0.004784,0.004898,0.02222,6.20E-05,0.0002956,0.09839,0.002716,5.945,0.02215,0,0,0.01312
600000000,900000000,192299653,112,554324303,0.0136,0.02216,0.0289,0.001076,0.001196,0.02219,4.39E-05,0.0002995,0.1075,0.001999,4.647,0.01676,0,0,0.02423
600000000,900000000,192299653,113,257502318,0.01672,0.02191,0.02896,0.004227,0.004341,0.022,7.92E-05,0.0003061,0.06134,0.003571,5.143,0.02022,0,0,0.0106
600000000,900000000,192299653,114,3974635171,0.01253,0.02148,0.02899,0.006462,0.006569,0.02164,5.82E-05,0.0002956,0.07947,0.003071,5.782,0.02531,0,0,0.01283
600000000,900000000,192299653,115,351634517,0.01433,0.02237,0.02896,0.002316,0.002422,0.0224,4.39E-05,0.0003023,0.09131,0.002213,8.496,0.03572,0,0,0.007774
600000000,900000000,192299653,116,4155527081,0.01318,0.02234,0.02893,0.006538,0.006706,0.02237,5.53E-05,0.0003052,0.08276,0.002144,5.646,0.02245,0,0,0.04364
600000000,900000000,192299653,117,3231094147,0.008865,0.02164,0.02893,0.005287,0.005394,0.02167,3.72E-05,0.0002937,0.05914,0.001429,4.508,0.01546,0,0,0.005035
600000000,900000000,192299653,118,97958435,0.009811,0.02182,0.02899,0.006096,0.006172,0.02188,4.48E-05,0.0002966,0.2107,0.001999,4.293,0.01368,0,0,0.005859
600000000,900000000,192299653,119,421574,0.01166,0.02206,0.02902,0.003628,0.003708,0.02225,6.20E-05,0.0003052,0.06848,0.003143,5.985,0.02374,0,0,0.01611
600000000,900000000,192299653,120,418564,0.01369,0.02219,0.02902,0.003338,0.003407,0.02222,4.29E-05,0.0002995,0.05444,0.001858,5.8,0.02266,0,0,0.02368
600000000,900000000,192299653,121,590638613,0.01514,0.02222,0.02899,0.004967,0.005074,0.02231,5.72E-05,0.0002947,0.1235,0.001928,4.192,0.01499,0,0,0.01363
600000000,900000000,192299653,122,1335148,0.01183,0.02252,0.0289,0.003307,0.003418,0.02255,9.54E-05,0.0003052,0.0575,0.003716,4.618,0.01807,0,0,0.006508
600000000,900000000,192299653,123,4469209777,0.01344,0.02228,0.02902,0.005814,0.005928,0.02231,4.67E-05,0.0002966,0.07214,0.001715,6.059,0.02346,0,0,0.02023
600000000,900000000,192299653,124,609947221,0.01364,0.02246,0.02896,0.00206,0.002167,0.02252,6.29E-05,0.0003014,0.05316,0.002071,4.994,0.01732,0,0,0.01208
600000000,900000000,192299653,125,336039641,0.01355,0.02151,0.02887,0.003922,0.004028,0.02155,6.96E-05,0.0003071,0.06531,0.00243,4.32,0.01881,0,0,0.01402
600000000,900000000,192299653,126,6571231,0.0153,0.02185,0.02902,0.005188,0.005302,0.02191,8.87E-05,0.0002947,0.09912,0.00486,7.004,0.02839,0,0,0.008438
600000000,900000000,192299653,127,257348892,0.01624,0.0217,0.02896,0.002316,0.00243,0.0217,5.72E-05,0.0003023,0.07837,0.001928,7.938,0.03279,0,0,0.02795
600000000,900000000,192299653,128,3584882003,0.01562,0.02231,0.02902,0.006676,0.00679,0.02234,5.63E-05,0.0003014,0.1063,0.001858,5.534,0.02035,0,0,0.01511
600000000,900000000,192299653,129,1436350719,0.01349,0.02261,0.02902,0.004616,0.004723,0.02264,6.58E-05,0.0002947,0.06409,0.005928,6.103,0.02434,0,0,0.03073
600000000,900000000,192299653,130,336041158,0.01292,0.0224,0.02893,0.001184,0.001293,0.02243,6.20E-05,0.0002975,0.09753,0.001928,4.037,0.01224,0,0,0.01837
600000000,900000000,192299653,131,317486501,0.01675,0.02176,0.02899,0.004211,0.004326,0.02179,6.68E-05,0.0003052,0.04449,0.002144,4.86,0.01748,0,0,0.02298
600000000,900000000,192299653,132,227323298,0.01144,0.02252,0.02902,0.004967,0.005081,0.02283,7.92E-05,0.0002956,0.08264,0.006142,5.46,0.02013,0,0,0.01538
600000000,900000000,192299653,133,317495588,0.01605,0.02213,0.0289,0.001705,0.001751,0.02216,6.77E-05,0.0003014,0.0719,0.002357,5.654,0.0222,0,0,0.03247
600000000,900000000,192299653,134,3689296354,0.01596,0.02231,0.0289,0.00111,0.001221,0.02234,8.20E-05,0.0002985,0.07239,0.005714,6.132,0.025,0,0,0.01654
600000000,900000000,192299653,135,5532418087,0.0116,0.02182,0.02896,0.002529,0.002636,0.02206,4.86E-05,0.0003023,0.03198,0.003571,4.352,0.01422,0,0,0.006783
600000000,900000000,192299653,136,3550423374,0.01544,0.02173,0.02902,0.006981,0.007095,0.02179,7.34E-05,0.0002975,0.07874,0.003143,4.823,0.01769,0,0,0.02301
600000000,900000000,192299653,137,854675755,0.01486,0.02246,0.02902,0.00186,0.001949,0.02252,5.91E-05,0.0003014,0.04688,0.003998,6.061,0.02374,0,0,0.01715
600000000,900000000,192299653,138,6640623,0.01207,0.02188,0.02899,0.005173,0.00528,0.02191,3.72E-05,0.0003071,0.07654,0.001429,4.042,0.01422,0,0,0.0106
600000000,900000000,192299653,139,3936487777,0.01373,0.02219,0.02893,0.004402,0.004517,0.02222,4.20E-05,0.0003071,0.07568,0.001429,4.689,0.01698,0,0,0.009415
600000000,900000000,192299653,140,257502010,0.01207,0.02188,0.0289,0.003071,0.003181,0.02191,4.96E-05,0.0003023,0.05524,0.002571,6.638,0.02648,0,0,0.01096
600000000,900000000,192299653,141,63690188,0.01025,0.02222,0.0289,0.003323,0.003448,0.02228,9.63E-05,0.0003004,0.09033,0.003857,3.67,0.01281,0,0,0.01114
600000000,900000000,192299653,142,1436488903,0.01201,0.02197,0.02896,0.004639,0.004745,0.02197,4.29E-05,0.0003071,0.05109,0.001642,5.511,0.02081,0,0,0.006996
600000000,900000000,192299653,143,6564891,0.01553,0.02206,0.02899,0.006927,0.007042,0.02206,4.96E-05,0.0002995,0.09692,0.002499,6.172,0.02358,0,0,0.01779
600000000,900000000,192299653,144,602980,0.01427,0.02222,0.02896,0.005074,0.00515,0.02225,4.29E-05,0.0002937,0.1018,0.001499,7.03,0.02923,0,0,0.01138
600000000,900000000,192299653,145,340153832,0.01074,0.02185,0.02884,0.002136,0.0023,0.02188,6.96E-05,0.0003023,0.0929,0.00293,5.067,0.01948,0,0,0.009811
600000000,900000000,192299653,146,351640884,0.01112,0.02194,0.02896,0.001942,0.002045,0.02197,4.10E-05,0.0003014,0.04535,0.001286,5.536,0.02141,0,0,0.008957
600000000,900000000,192299653,147,294924089,0.007561,0.02222,0.02896,0.006691,0.006813,0.02225,4.67E-05,0.0002985,0.0307,0.002857,4.168,0.0149,0,0,0.005127
600000000,900000000,192299653,148,1095053,0.01346,0.02188,0.02893,0.005051,0.005157,0.02191,6.87E-05,0.0002937,0.09326,0.003284,6.112,0.02501,0,0,0.01237
600000000,900000000,192299653,149,368771442,0.01062,0.02246,0.02896,0.0008287,0.0009212,0.02249,3.72E-05,0.0002985,0.08313,0.001429,3.566,0.01147,0,0,0.009583
600000000,900000000,192299653,150,1436491870,0.01248,0.02139,0.02896,0.001448,0.001554,0.02142,5.15E-05,0.0002995,0.08728,0.00293,5.894,0.02411,0,0,0.02255
600000000,900000000,192299653,151,257495888,0.01372,0.02219,0.0289,0.001461,0.001575,0.02222,5.34E-05,0.0003004,0.1215,0.001999,5.314,0.0213,0,0,0.008698
600000000,900000000,192299653,152,3868878023,0.01407,0.0162,0.02304,0.006828,0.006958,0.01624,6.77E-05,5.34E-05,0.05261,0.005928,6.515,0.02756,0,0,0.01639
600000000,900000000,192299653,153,255718233,0.01225,0.02213,0.0289,0.002934,0.002979,0.02216,0.0001097,0.0003042,0.08704,0.003857,4.762,0.01801,0,0,0.01131
600000000,900000000,192299653,154,4820102717,0.0163,0.02213,0.02896,0.003418,0.003529,0.02213,4.96E-05,0.0003052,0.08789,0.002998,6.202,,0,0,0.01624
600000000,900000000,192299653,155,2108188960,0.01932,0.02145,0.02896,0.002975,0.003139,0.02151,9.54E-05,0.0003033,0.06641,0.003998,6.046,0.02401,0,0,0.02039
600000000,900000000,192299653,156,317496418,0.01395,0.02231,0.02899,0.003838,0.00396,0.02234,4.20E-05,0.0003061,0.03143,0.001215,7.07,0.02664,0,0,0.01151
600000000,900000000,192299653,157,628339360,0.01672,0.02213,0.02899,0.005737,0.005829,0.02219,5.34E-05,0.0002966,0.07983,0.002716,5.633,0.02102,0,0,0.01923
600000000,900000000,192299653,158,3829166,0.01239,0.02188,0.0289,0.007042,0.007156,0.02188,9.54E-05,0.0002985,0.08105,0.003502,4.96,0.02012,0,0,0.01466
600000000,900000000,192299653,159,257408514,0.01736,0.02182,0.02896,0.003273,0.003387,0.02185,7.53E-05,0.0003042,0.1086,0.003143,6.034,0.02523,0,0,0.01624
600000000,900000000,192299653,160,317468384,0.01776,0.022,0.02893,0.006081,0.006172,0.022,6.68E-05,0.0002956,0.09216,0.002357,5.072,0.02022,0,0,0.02191
600000000,900000000,192299653,161,317470591,0.01228,0.02161,0.02902,0.002678,0.002796,0.02164,6.39E-05,0.0003023,0.06323,0.00293,3.696,0.0103,0,0,0.01581
600000000,900000000,192299653,162,759653171,0.01414,0.02185,0.02896,0.003227,0.003338,0.02188,4.58E-05,0.0002918,0.03937,0.00243,5.589,0.02222,0,0,0.01529
600000000,900000000,192299653,163,1271590,0.01045,0.02182,0.02899,0.004112,0.004234,0.02185,3.91E-05,0.0003071,0.04663,0.001715,5.355,0.0195,0,0,0.01978
600000000,900000000,192299653,164,6566735,0.009613,0.02234,0.0289,0.001244,0.001368,0.0224,3.05E-05,0.0003023,0.09094,0.001928,4.527,0.0168,0,0,0.01031
600000000,900000000,192299653,165,257500453,0.01414,0.02219,0.02893,0.005753,0.005882,0.02219,3.62E-05,0.0002966,0.09119,0.001429,5.358,0.02125,0,0,0.01482
600000000,900000000,192299653,166,329248452,0.0139,0.02185,0.02899,0.002281,0.002388,0.02188,6.01E-05,0.0003023,0.06921,0.002213,4.797,0.01756,0,0,0.01834
600000000,900000000,192299653,167,3417000070,0.01231,0.02203,0.02896,0.006065,0.00618,0.02206,7.15E-05,0.0002956,0.07385,0.003502,4.749,0.01855,0,0,0.0188
600000000,900000000,192299653,168,2787065065,0.01071,0.02206,0.02896,0.005333,0.005447,0.02209,2.86E-05,0.0002956,0.03711,0.001072,6.575,0.0256,0,0,0.01494
600000000,900000000,192299653,169,1271016,0.01317,0.02219,0.02896,0.005363,0.00547,0.02225,6.29E-05,0.0002947,0.0929,0.003216,5.659,0.02277,0,0,0.01511
600000000,900000000,192299653,170,8055083,0.01501,0.02222,0.02896,0.003227,0.00333,0.02228,0.0001106,0.0003033,0.1377,0.004784,3.948,0.01229,0,0,0.008194
600000000,900000000,192299653,171,30788623,0.01201,0.02173,0.02896,0.005493,0.005638,0.02179,4.29E-05,0.0002937,0.03955,0.001143,5.506,0.02194,0,0,0.01068
600000000,900000000,192299653,172,766861936,0.01428,0.02277,0.02899,0.005974,0.006088,0.02283,5.53E-05,0.0002956,0.08337,0.003071,5.579,0.02039,0,0,0.01131
600000000,900000000,192299653,173,38647037,0.0114,0.02087,0.02704,0.006126,0.006271,0.0209,5.15E-05,0.000308,0.04199,0.001572,5.8,0.02511,0,0,0.009674
600000000,900000000,192299653,174,82738035,0.01566,0.02191,0.02893,0.005775,0.00589,0.02194,5.05E-05,0.0002937,0.1072,0.001715,5.966,0.02423,0,0,0.009888
600000000,900000000,192299653,175,1150028497,0.01231,0.02203,0.02899,0.00351,0.003632,0.02219,6.29E-05,0.0003052,0.1077,0.003929,5.58,0.02043,0,0,0.007759
600000000,900000000,192299653,176,30789456,0.009567,0.02203,0.02893,0.006897,0.007011,0.02203,8.11E-05,0.0003014,0.09668,0.002357,6.622,0.02999,0,0,0.009476
600000000,900000000,192299653,177,3349108012,0.01208,0.02243,0.02884,0.005814,0.00592,0.02246,4.20E-05,0.0002947,0.07886,0.001572,4.207,0.01574,0,0,0.005051