Time,mean_cpu_usage_rate,canonical_memory_usage,assigned_memory_usage,total_page_cache_memory_usage,maximum_memory_usage,mean_disk_io_time,mean_local_disk_space_used,maximum_cpu_usage,sampled_cpu_usage
10,0.176242112,0.217144468,0.273859785,0.068925276,0.224094786,0.01693367,0.001136809,0.730918419,0.097728504
15,0.138201319,0.154753135,0.195099477,0.04765937,0.160172974,0.013644297,0.000802225,0.552451373,0.08235668
20,0.139489532,0.157792124,0.198952932,0.048713661,0.163114812,0.013616341,0.000820123,0.55333743,0.082896297
25,0.160044333,0.142230222,0.179423148,0.043322751,0.148198991,0.016266911,0.000727016,0.601841861,0.108727487
30,0.154683966,0.149448906,0.188867364,0.046410577,0.154202553,0.015280229,0.000779741,0.571889568,0.098590306
35,0.155829127,0.15821615,0.199950692,0.049143071,0.162947712,0.018509668,0.000831658,0.585748269,0.094273604
40,0.1622711,0.140364595,0.175894304,0.041804716,0.148558972,0.021650046,0.000716014,0.657545442,0.113664471
45,0.128944757,0.144600486,0.182120927,0.044101753,0.152203279,0.022387953,0.000738407,0.559983718,0.076122483
50,0.128908246,0.152161168,0.190321229,0.047494284,0.157604948,0.020371148,0.000759768,0.547144866,0.075029399
55,0.143414052,0.15971073,0.19931021,0.049915096,0.16452898,0.020022413,0.000797995,0.552237861,0.086032979
60,0.16264442,0.167109138,0.208349991,0.051775097,0.172907455,0.028080099,0.000827129,0.601812499,0.098636009
65,0.170668659,0.184565308,0.229747173,0.057067267,0.190024418,0.030009445,0.000911244,0.64891782,0.10099497
70,0.138682938,0.164138434,0.204698502,0.051293098,0.168976661,0.022336123,0.000819489,0.562342849,0.076987368
75,0.150867085,0.167055519,0.207919609,0.051580498,0.172684178,0.021852001,0.00081973,0.61220666,0.092739144
80,0.135964408,0.171852829,0.214629454,0.053681349,0.176530444,0.018826444,0.000867092,0.557176301,0.076141079
85,0.128981121,0.15435918,0.193660398,0.047115061,0.160064631,0.022895545,0.000791883,0.628651712,0.074455245
90,0.114941235,0.151349664,0.190687122,0.047100758,0.155384652,0.020068956,0.000804135,0.494265757,0.060498864
95,0.128718671,0.170531497,0.215270576,0.053315273,0.175179351,0.022183891,0.000909653,0.554774754,0.069658871
100,0.139813277,0.172112999,0.216722697,0.053511255,0.177145918,0.021140533,0.000913064,0.586832525,0.081732443
105,0.12495392,0.163680569,0.206215188,0.051162778,0.168050997,0.019528723,0.000869259,0.564300782,0.069316688
110,0.129314436,0.164745894,0.207493198,0.05100263,0.169102144,0.020207255,0.000872767,0.55240441,0.069733578
115,0.147000786,0.169610873,0.212851889,0.051787498,0.175240333,0.024585308,0.000883888,0.589852381,0.084644524
120,0.149989266,0.180771804,0.226667266,0.055285407,0.18586718,0.026444417,0.00094247,0.605931002,0.082259864
125,0.144521666,0.17775643,0.22284186,0.054388295,0.182937958,0.024817663,0.000926198,0.60374565,0.078785293
130,0.149094892,0.173779524,0.217846535,0.053819084,0.179213964,0.026000075,0.000908007,0.588399992,0.08498038
135,0.15000793,0.176141689,0.220942309,0.055072505,0.181549037,0.02044046,0.000922589,0.606205446,0.087325873
140,0.140540282,0.15590594,0.195650156,0.048273245,0.161354418,0.015623183,0.00080648,0.547542567,0.085125236
145,0.137020175,0.163353274,0.205325841,0.051088484,0.168444789,0.012770835,0.000847045,0.544204314,0.080452664
150,0.129482919,0.155427587,0.195437882,0.04893651,0.160105547,0.013239412,0.000801606,0.52210797,0.074813111
155,0.136117866,0.169377507,0.213211813,0.053058584,0.174185255,0.012461977,0.000882369,0.567362518,0.075964522
160,0.145331056,0.180375557,0.226983646,0.056558189,0.185705518,0.013764942,0.000935533,0.589153702,0.080871046
165,0.139232198,0.179765785,0.226030539,0.056478918,0.185264653,0.017162986,0.000928387,0.598445536,0.073169811
170,0.134339948,0.175586285,0.221104344,0.055037516,0.181203087,0.016452355,0.000907762,0.569470615,0.070780807
175,0.135522901,0.166195785,0.208889533,0.051677832,0.172102296,0.022668733,0.000852171,0.566255027,0.066357696
180,0.14908293,0.173170597,0.216697268,0.052678481,0.179471954,0.017433783,0.000870942,0.592351612,0.077141253
185,0.147841851,0.186117445,0.23280096,0.05638599,0.192274985,0.019663351,0.000939434,0.635602704,0.071073022
190,0.148727685,0.18439162,0.230583175,0.056305397,0.190016752,0.02127767,0.000941447,0.597515118,0.07099052
195,0.150672703,0.18497252,0.231167684,0.056647042,0.190450405,0.022690298,0.000946313,0.605896266,0.073455579
200,0.148108181,0.181958489,0.227858259,0.055539127,0.187265503,0.02869707,0.00094057,0.638975752,0.069684691
205,0.143828473,0.176842004,0.221821186,0.054389846,0.181891259,0.037394038,0.000923819,0.634992116,0.06550993
210,0.122936417,0.14552464,0.184895171,0.046209168,0.153023592,0.033754098,0.000790788,0.517829934,0.065109968
215,0.136460011,0.166323895,0.209950315,0.050567341,0.171859762,0.030577515,0.000849421,0.544696736,0.070414232
220,0.141013004,0.176148217,0.222661249,0.053860636,0.181419147,0.030583154,0.000903242,0.589739547,0.073290787
225,0.126396747,0.158739696,0.200857305,0.048587842,0.164051508,0.030014801,0.000812538,0.543878369,0.066394705
230,0.128875811,0.158424481,0.200353946,0.047968505,0.163494706,0.021440936,0.000814399,0.583745114,0.068824034
235,0.133981718,0.167551221,0.211500558,0.050193158,0.173565103,0.01912895,0.000855023,0.592082269,0.071350062
240,0.127059876,0.155275861,0.196049065,0.046335905,0.161514626,0.020545082,0.000787899,0.543660116,0.071422845
245,0.121554849,0.156414997,0.197350741,0.046535918,0.161586069,0.013641522,0.000789594,0.5063375,0.06555711
250,0.128151441,0.162491287,0.204675869,0.048126642,0.167560192,0.022907385,0.000813234,0.528166099,0.065527967
255,0.140597539,0.181172588,0.228240683,0.05402989,0.186836844,0.020744539,0.00090871,0.595723862,0.071220396
260,0.117096124,0.156201322,0.196829201,0.046797314,0.161201597,0.0125236,0.000784479,0.517145876,0.060745423
265,0.121585572,0.153189167,0.192793351,0.045382275,0.1581942,0.016896376,0.000767296,0.529438995,0.06492664
270,0.127132974,0.161480935,0.202936848,0.047457592,0.166667798,0.016071538,0.000805406,0.54655478,0.067852218
275,0.12650849,0.155775166,0.196118866,0.045783081,0.160643328,0.017410727,0.000767219,0.516940511,0.069101957
280,0.137787527,0.178026078,0.224261578,0.05281964,0.183456501,0.016770607,0.000886053,0.572255178,0.074034707
285,0.12615381,0.168612962,0.212267737,0.050067072,0.17378487,0.014604021,0.00084208,0.526255996,0.06540471
290,0.127108594,0.176586882,0.222530038,0.052066843,0.182128087,0.012834697,0.000878926,0.5343668,0.067027957
295,0.128533629,0.17513749,0.22061697,0.051671478,0.180400102,0.016853002,0.000874353,0.529520298,0.069380862
300,0.14396315,0.194924519,0.245462295,0.057653224,0.200539485,0.015723793,0.00097971,0.595132604,0.076093936
305,0.128317532,0.16929269,0.213078201,0.049915438,0.174651845,0.014608351,0.000845925,0.531643268,0.068179743
310,0.142318528,0.190591358,0.239915286,0.056265045,0.196670503,0.017821038,0.000956054,0.58936332,0.073737489
315,0.135565939,0.183450814,0.23079137,0.054020487,0.18949693,0.020796748,0.00091511,0.563619062,0.06873532
320,0.140385903,0.175912989,0.221034567,0.051286755,0.181874293,0.021462139,0.000871668,0.571463093,0.074969906
325,0.127386344,0.168948341,0.212028752,0.049159548,0.175241563,0.016768636,0.000843741,0.535195654,0.070332259
330,0.143918977,0.188075786,0.235514052,0.053882856,0.193646042,0.018115494,0.000929467,0.582150797,0.080157006
335,0.134108885,0.182551172,0.228345512,0.052446906,0.187355152,0.017793674,0.000903045,0.546555107,0.071052552
340,0.136670114,0.179830915,0.224723674,0.051841477,0.184644339,0.021494615,0.000892142,0.565928756,0.07399525
345,0.131866175,0.176447138,0.220384218,0.050729069,0.181161495,0.02519245,0.000865746,0.543083432,0.069761127
350,0.12559019,0.171259747,0.214190187,0.049683893,0.175777508,0.025842776,0.000847102,0.515590822,0.062912779
355,0.127391265,0.183830484,0.230416658,0.053844428,0.189132093,0.01993011,0.000916196,0.552696386,0.063822269
360,0.130070822,0.185321243,0.232912571,0.054802184,0.190913647,0.017627634,0.000927426,0.557839175,0.067864625
365,0.135251264,0.172831199,0.21725571,0.050823403,0.17862389,0.019505613,0.000861721,0.557783876,0.076922122
370,0.128407037,0.171297423,0.215672818,0.050568637,0.177197529,0.019477975,0.00085782,0.531012598,0.071064305
375,0.129371954,0.171377304,0.215392019,0.050135861,0.177227608,0.020677636,0.000845195,0.566068624,0.074244794
380,0.120309944,0.170803555,0.214998587,0.050125934,0.176267852,0.017931767,0.000844919,0.538259497,0.065277176
385,0.110120763,0.164484412,0.207247222,0.048421264,0.169704286,0.013415592,0.000818189,0.536589215,0.057507905
390,0.104480365,0.157242882,0.19799867,0.046446528,0.162250847,0.015290841,0.000784395,0.481763386,0.054288236
395,0.115409921,0.164658454,0.207331382,0.048747947,0.169511302,0.021989858,0.000819833,0.491670614,0.058108675
400,0.119611695,0.171580905,0.216141924,0.051207343,0.176923653,0.018479146,0.000856078,0.515404827,0.06119907
405,0.127607132,0.17718547,0.223222946,0.052694663,0.182878379,0.020916246,0.000879885,0.540799685,0.069570806
410,0.140191258,0.194933011,0.245826141,0.058040638,0.200853312,0.020140566,0.000973371,0.595269376,0.077082814
415,0.126611833,0.183105988,0.231104948,0.054879151,0.18901214,0.018200601,0.000920244,0.548964403,0.067113706
420,0.142425746,0.191962622,0.242034992,0.057436983,0.197663209,0.032350003,0.000961177,0.594259548,0.074295068
425,0.138408335,0.187942729,0.236949943,0.056207779,0.193412852,0.031175269,0.000940596,0.577102425,0.072391732
430,0.129172435,0.165443222,0.20869495,0.049377028,0.171089069,0.030923051,0.000827172,0.539409399,0.069909329
435,0.129262144,0.166796673,0.210114405,0.049734993,0.171696797,0.028765144,0.000832922,0.524113546,0.06756826
440,0.131968993,0.176378212,0.222297533,0.052578439,0.181739225,0.031512804,0.000879482,0.540170962,0.064958181
445,0.135419133,0.190487229,0.240242582,0.056738852,0.195719633,0.025179248,0.000953945,0.609716798,0.065029763
450,0.119904411,0.165320286,0.20884626,0.048901442,0.170460787,0.018603651,0.000829238,0.511150188,0.063289464
455,0.127244014,0.15823321,0.199353537,0.046529246,0.163140919,0.016386062,0.000784147,0.506327791,0.07527052
460,0.135749131,0.165650406,0.208746796,0.048515271,0.170427075,0.018923702,0.000813823,0.52634893,0.0784229
465,0.147217848,0.183031912,0.23038965,0.05372224,0.188879017,0.020149021,0.000900922,0.60283861,0.084855764
470,0.140222538,0.172948601,0.217820014,0.050572099,0.178596358,0.017291708,0.000851416,0.554158488,0.083580386
475,0.156417226,0.187079692,0.236473414,0.055712061,0.192802939,0.029052875,0.000944988,0.636016103,0.090101491
480,0.143073005,0.144557774,0.183478394,0.043695413,0.152402186,0.024936122,0.000760741,0.625736661,0.098968997
485,0.159107827,0.170935468,0.218548117,0.053341018,0.177847706,0.021560568,0.000901116,0.66853794,0.103113351
490,0.164020864,0.176549338,0.225903041,0.054706327,0.183611324,0.021818109,0.00092105,0.684254227,0.102729963
495,0.165751807,0.184206872,0.235410002,0.056836896,0.19180877,0.016644254,0.000956122,0.713899423,0.106385406
500,0.163815603,0.180351433,0.230565005,0.055269021,0.188321243,0.022428185,0.000935714,0.715709826,0.102158342
505,0.1562713,0.17584369,0.225014404,0.053850912,0.183633874,0.021084138,0.00091636,0.694881598,0.097521683
510,0.158546438,0.184061056,0.234901539,0.055933639,0.191371307,0.01758963,0.000948034,0.67186506,0.096814361
515,0.153562293,0.18196193,0.231740038,0.054873548,0.189588186,0.016167133,0.000933411,0.647238149,0.09367106
520,0.161935118,0.19071087,0.242473119,0.057325746,0.198786086,0.02171014,0.000972231,0.675085751,0.096391436
525,0.16450531,0.195154125,0.248009363,0.058818854,0.203603814,0.018668053,0.000991868,0.687234751,0.09947013
530,0.185293107,0.199680489,0.254821921,0.060826679,0.208141631,0.025546336,0.001029408,0.729376762,0.115149774
535,0.128389072,0.147693327,0.188707349,0.045847242,0.153605067,0.016808246,0.000775968,0.511989111,0.074791175
540,0.141890787,0.164587528,0.21052101,0.051035933,0.170938769,0.021536414,0.000865986,0.590158113,0.080989353
545,0.135426531,0.13253318,0.167800264,0.040642721,0.14109431,0.030737678,0.000707663,0.566968856,0.098136304
550,0.167969123,0.17032411,0.216365796,0.050720992,0.178365261,0.020071877,0.000852848,0.644988996,0.107448602
555,0.195254277,0.189152941,0.240821375,0.056957139,0.197440733,0.02589582,0.000964429,0.690205019,0.128590894
560,0.150689826,0.154633981,0.197209727,0.046937343,0.161523139,0.023733643,0.000796023,0.573969261,0.095579683
565,0.132058022,0.144541384,0.184595306,0.044151741,0.150771086,0.012466067,0.00075004,0.519788981,0.081326207
570,0.144145966,0.169696378,0.216834465,0.052168657,0.176496365,0.011334654,0.000885118,0.575565458,0.084747846
575,0.138156747,0.163612427,0.209136893,0.05015641,0.169869141,0.01258609,0.000849125,0.54357234,0.080868561
580,0.160538212,0.180844427,0.230660285,0.05546349,0.18790316,0.022462259,0.000940392,0.61068303,0.09078159
585,0.148615485,0.164804062,0.210265463,0.050727138,0.171407999,0.019697386,0.000859452,0.572650716,0.089537203
590,0.152228629,0.173951184,0.221968836,0.053421838,0.180978416,0.012725528,0.000903539,0.56616842,0.091998853
595,0.162562198,0.192984128,0.24624593,0.059463851,0.200382556,0.015403897,0.001000316,0.617034817,0.096235025
600,0.16310151,0.183512755,0.234786882,0.057049996,0.190595475,0.013214507,0.000963974,0.603078479,0.099389616
605,0.156720251,0.180338462,0.230922857,0.056293782,0.187701302,0.015211631,0.00094894,0.607194187,0.093482008
610,0.15542899,0.17225836,0.219549677,0.055847098,0.179830409,0.022531581,0.000912078,0.600757001,0.09574684
615,0.156871349,0.176084103,0.224909173,0.056861638,0.183225917,0.019554681,0.000956,0.607520584,0.094134629
620,0.157403916,0.172149752,0.220619427,0.055486414,0.179779517,0.024766433,0.000948969,0.601480081,0.090225094
625,0.159900567,0.179226468,0.229754984,0.05694311,0.186866816,0.0191482,0.000989835,0.631724987,0.093425915
630,0.144094355,0.158934079,0.203631195,0.049917745,0.166359328,0.013920255,0.000871304,0.611860623,0.08821985
635,0.153409942,0.179418863,0.229821769,0.056022456,0.186942861,0.01502989,0.000988681,0.654283948,0.090290192
640,0.110219269,0.126181574,0.16140142,0.039350654,0.132029714,0.025663575,0.00083562,0.462798567,0.069168228
645,0.153102481,0.136998529,0.17196057,0.040090617,0.147559902,0.031901566,0.000677988,0.58790923,0.104794149
650,0.200869148,0.172421404,0.215032588,0.048138239,0.182371379,0.031305257,0.000840943,0.968159991,0.138621171
655,0.187712676,0.171968201,0.214964904,0.050984423,0.181974134,0.030476306,0.00092743,0.782579148,0.125810426
660,0.187379996,0.170887716,0.21409189,0.049358471,0.179757456,0.038090796,0.00093523,0.701281838,0.127688329
665,0.16987826,0.174036437,0.217624108,0.051245183,0.183041421,0.03950019,0.000940377,0.715281527,0.10868395
670,0.159180713,0.187655971,0.234834445,0.054834974,0.196851376,0.038245765,0.001010351,0.648704893,0.094365417
675,0.155810743,0.192608878,0.24208889,0.056823089,0.202290763,0.03304593,0.001057427,0.649745023,0.088293562
680,0.152716294,0.189016584,0.238043545,0.05557153,0.197970404,0.029416342,0.001060005,0.623285691,0.086629171
685,0.155067391,0.187816718,0.236476153,0.055047624,0.195930887,0.030856176,0.001067122,0.624939516,0.087537861
690,0.156989543,0.178611142,0.224921516,0.051826229,0.18716119,0.031741165,0.001019337,0.612753499,0.095156261
695,0.153878687,0.180768463,0.226455272,0.05200693,0.188675837,0.034686755,0.001025402,0.623577077,0.090356249
700,0.150847736,0.181263005,0.226687785,0.052754714,0.189523183,0.038008959,0.001040251,0.625043675,0.087392655
705,0.147689272,0.17458844,0.218647218,0.050393821,0.183187857,0.032005779,0.000999463,0.628771909,0.08778663
710,0.138188119,0.165089563,0.20646103,0.046861392,0.173076644,0.028113156,0.000961031,0.741583137,0.081286555
715,0.134516993,0.163828446,0.205053611,0.047332408,0.171842365,0.019238045,0.000924062,0.564721218,0.078861291
720,0.152602497,0.190145501,0.238186245,0.053767282,0.198161895,0.019648963,0.001049129,0.6113951,0.089125498
725,0.159787576,0.202007413,0.252979632,0.05679269,0.209987696,0.018727847,0.001103055,0.625890488,0.091882799
730,0.164916256,0.204055718,0.255147023,0.057026651,0.212063728,0.018890261,0.001101504,0.637101431,0.095735569
735,0.161136821,0.203355218,0.254350538,0.05682796,0.211495115,0.015308783,0.001100481,0.628536116,0.093682959
740,0.161221497,0.205691333,0.256785156,0.056893664,0.213587228,0.013766043,0.001101883,0.634708858,0.09157916
745,0.155824856,0.198212825,0.2469565,0.054265349,0.206203658,0.015802126,0.00105254,0.60750076,0.089499858
750,0.147586129,0.189718993,0.23602784,0.051717724,0.197398027,0.019059966,0.001002693,0.597371517,0.084995856
755,0.158266877,0.204023707,0.253681599,0.055654947,0.21210058,0.017256714,0.001077733,0.619858751,0.091620797
760,0.178969648,0.205398466,0.255741203,0.056444496,0.213925997,0.01829488,0.001089407,0.650007763,0.110480084
765,0.193388162,0.20652336,0.257306417,0.057103575,0.214269097,0.021309827,0.001104365,0.664392871,0.123539226
770,0.196367618,0.200238938,0.249350167,0.055314359,0.20731947,0.037536801,0.001066882,0.701002121,0.124090795
775,0.191553429,0.200426699,0.249896045,0.055199102,0.207586114,0.034980741,0.001049247,0.694107636,0.12040117
780,0.166807597,0.172014301,0.214869034,0.047547906,0.179266408,0.027472566,0.000877251,0.623138366,0.107703059
785,0.159574045,0.171179823,0.213386588,0.047427855,0.178520123,0.025713842,0.000864077,0.619173095,0.10204578
790,0.158535959,0.171385538,0.213786245,0.047669209,0.178744482,0.025271841,0.000854163,0.607951809,0.100266614
795,0.144794468,0.155917623,0.194766089,0.043319075,0.162722009,0.018687457,0.000773575,0.55345094,0.09106167
800,0.153699282,0.147239697,0.183889985,0.042149651,0.155276707,0.030765897,0.000773026,0.628861986,0.108246431
805,0.149812293,0.163954927,0.204267294,0.046079242,0.170623542,0.020063299,0.000787361,0.573154682,0.088730217
810,0.155529741,0.162053748,0.20221593,0.045644505,0.168480062,0.020671956,0.000794942,0.588252083,0.09660423
815,0.158558078,0.163114269,0.203280925,0.04550281,0.168919635,0.019169309,0.000792768,0.581188084,0.098229263
820,0.188934591,0.193902825,0.241381046,0.0538805,0.200101421,0.023654255,0.000941863,0.665070107,0.111449382
825,0.168624502,0.172072785,0.214069316,0.047827806,0.177853844,0.024741765,0.000830128,0.612921672,0.098686956
830,0.181162149,0.189024356,0.235116076,0.052354501,0.195140234,0.024162857,0.000919401,0.660354853,0.102775237
835,0.154594928,0.164730712,0.205207409,0.046056428,0.170098025,0.021573421,0.000805793,0.576037271,0.086938966
840,0.172565935,0.183647771,0.22871271,0.051291765,0.189553423,0.027145269,0.000903996,0.643839583,0.096997684
845,0.184358429,0.15829315,0.19494713,0.041048494,0.170310509,0.036953099,0.000809122,0.659881292,0.12913984
850,0.239191711,0.212759028,0.259786287,0.053826862,0.222373833,0.02992222,0.000923629,0.807072611,0.154854822
855,0.199149736,0.214479003,0.262345496,0.054908405,0.223917359,0.033701264,0.000963291,0.755746126,0.115638153
860,0.182608885,0.198116253,0.246842747,0.055809936,0.20760332,0.028808292,0.000998286,0.771673059,0.099110575
865,0.16891994,0.174598838,0.218824468,0.05262323,0.185184025,0.040389939,0.000907182,0.681266781,0.096343507
870,0.183484238,0.172527847,0.217490467,0.052494807,0.183385826,0.039206346,0.000914814,0.696899546,0.11250415
875,0.149374222,0.152886197,0.191531451,0.047151755,0.162752164,0.032736664,0.000784233,0.594747702,0.086603149
880,0.159842812,0.159520974,0.200778469,0.046974165,0.167216314,0.019065115,0.000824969,0.608795327,0.093371343
885,0.149304103,0.153846931,0.193770255,0.045847071,0.160648443,0.018789562,0.000806018,0.570747341,0.087193259
890,0.159443909,0.163572239,0.20594823,0.048325418,0.170388275,0.017680184,0.000841585,0.61191354,0.091059382
895,0.171116352,0.165873949,0.208458255,0.048744002,0.172726617,0.026428518,0.000847545,0.650775897,0.09713312
900,0.176730933,0.151515076,0.189246575,0.045000629,0.161352498,0.029837929,0.000795828,0.671878281,0.113899051
905,0.17760761,0.185094496,0.231972062,0.053523697,0.193686409,0.022455645,0.000940614,0.694728312,0.097137653
910,0.186024515,0.194131037,0.243573979,0.056621684,0.201543778,0.024970617,0.000990268,0.693419245,0.100698866
915,0.149638756,0.163010625,0.204519824,0.047918493,0.169261519,0.015203647,0.000834486,0.564971533,0.079528665
920,0.166408351,0.181024169,0.22733602,0.053095626,0.188101278,0.015961838,0.000925285,0.633854902,0.091629806
925,0.157423268,0.178458025,0.224402006,0.052719142,0.184332175,0.016253302,0.000913351,0.605122603,0.084598996
930,0.163046698,0.171946319,0.216511403,0.050642844,0.17847862,0.014574784,0.000876816,0.63483523,0.093762526
935,0.149030083,0.164671092,0.207525026,0.049257985,0.16960686,0.014475979,0.000856247,0.569951398,0.080850411
940,0.157537473,0.169923503,0.214083045,0.050585866,0.176573057,0.018341843,0.000876867,0.620222247,0.089015037
945,0.145984593,0.170730506,0.215056544,0.051543448,0.17625577,0.018998324,0.000890868,0.596275242,0.07641168
950,0.156653547,0.173781383,0.218620337,0.052064462,0.179908999,0.018171381,0.000901152,0.608520254,0.082189285
955,0.157034646,0.172146864,0.219168584,0.055014651,0.17885277,0.016417869,0.000952524,0.624056303,0.079676363
960,0.151355398,0.158013344,0.200847431,0.049342212,0.165905779,0.018467787,0.000863463,0.612767184,0.083037258
965,0.160561877,0.176799758,0.223174232,0.053756978,0.184143495,0.021325185,0.000934707,0.66718533,0.079876635
970,0.162038689,0.168731091,0.212982743,0.050975299,0.176433129,0.024978816,0.000888372,0.640512427,0.086912036
975,0.171008919,0.17316695,0.218727766,0.05309905,0.180516255,0.026961147,0.000917386,0.645758105,0.090872447
980,0.183897076,0.189426885,0.23943141,0.05785248,0.197385472,0.032863845,0.001002335,0.723213428,0.094628645
985,0.162400288,0.173280045,0.219065501,0.052774789,0.180539315,0.030969567,0.00091855,0.677958032,0.081530834
990,0.158140475,0.162319731,0.204959874,0.049075637,0.169031283,0.030272727,0.000849688,0.649983662,0.084322295
995,0.171682538,0.173057145,0.218579124,0.052719126,0.180398913,0.026774121,0.000912452,0.672955746,0.092714098
1000,0.187738727,0.188657581,0.238488243,0.057533165,0.196442713,0.026771188,0.000991846,0.72663512,0.101168099
1005,0.168800812,0.172262543,0.218123084,0.052811852,0.17928369,0.022045032,0.000911954,0.646413864,0.088319099
1010,0.174766649,0.181648088,0.23001174,0.055644674,0.188853352,0.0198317,0.000963145,0.675378698,0.090548664
1015,0.179785445,0.188639298,0.239042991,0.057871576,0.195834845,0.021569691,0.001003671,0.705597678,0.092446121
1020,0.180975063,0.184063519,0.233179874,0.056490374,0.190958479,0.031732775,0.000978227,0.688723093,0.090233295
1025,0.179534449,0.181188268,0.229316722,0.055329963,0.188270777,0.03114554,0.000957371,0.691504211,0.093430728
1030,0.16243643,0.168551473,0.212861067,0.051062786,0.175085273,0.017699311,0.000883987,0.620340967,0.083851507
1035,0.154964531,0.162928677,0.20620176,0.049701646,0.169292556,0.01836765,0.000857768,0.612704255,0.081154675
1040,0.159549866,0.163717909,0.206539328,0.04977157,0.169721215,0.019698564,0.000860632,0.623044616,0.087408499
1045,0.164701314,0.163876214,0.208297486,0.053736845,0.169562524,0.019320055,0.000935345,0.662082586,0.085872153
1050,0.153267464,0.1422752,0.181555654,0.046028937,0.149530896,0.031132297,0.000820837,0.622487819,0.087736561
1055,0.153747265,0.136901009,0.172789762,0.043142385,0.142981909,0.02833143,0.000754375,0.565416325,0.08977314
1060,0.172336383,0.155405566,0.195678906,0.048143437,0.161632788,0.030650549,0.000834689,0.643867245,0.099509361
1065,0.161853899,0.153626482,0.19323154,0.047818634,0.159650529,0.030216995,0.000832046,0.64343138,0.089038787
1070,0.163897692,0.16053499,0.201630828,0.049379306,0.166853896,0.028259659,0.000856391,0.676480753,0.087879825
1075,0.157095814,0.149241958,0.186542905,0.046629959,0.157595641,0.028342222,0.000785416,0.62827306,0.089811207
1080,0.17823953,0.162908505,0.202075557,0.050138688,0.170767481,0.027669144,0.000822804,0.650378534,0.105366329
1085,0.193622823,0.181140334,0.224081259,0.055557845,0.188651307,0.026660889,0.000906859,0.70382449,0.112940782
1090,0.194216341,0.181173064,0.223853724,0.055534304,0.189599839,0.025923844,0.00090531,0.69339209,0.113791786
1095,0.191660887,0.179832332,0.222267542,0.055039322,0.187452819,0.028920298,0.000892533,0.668683232,0.110905989
1100,0.189413435,0.174059698,0.215189121,0.053173675,0.181521523,0.031938828,0.00086094,0.666464645,0.104690734
1105,0.172933247,0.163035127,0.20363948,0.051027162,0.172537912,0.038166581,0.000835688,0.645931575,0.102055804
1110,0.179470806,0.165664387,0.206523859,0.050165445,0.17389239,0.037348145,0.000813359,0.6350121,0.096944111
1115,0.183337645,0.167698821,0.208431653,0.050433466,0.175090592,0.039308875,0.000816849,0.649743268,0.101253517
1120,0.201484271,0.186112733,0.230819198,0.056204034,0.193949046,0.040868277,0.000907069,0.702970284,0.112820675
1125,0.192182576,0.175645626,0.217754138,0.053276076,0.183362914,0.040545415,0.00086024,0.660175942,0.108027789
1130,0.209215626,0.195373107,0.241854485,0.058875369,0.203469079,0.038896924,0.000943484,0.739615095,0.115067323
1135,0.205810961,0.190200304,0.235585368,0.057403303,0.197522032,0.036671949,0.000920274,0.714576431,0.114346864
1140,0.204880075,0.191495993,0.23752966,0.057906794,0.199057469,0.034057965,0.000929224,0.6982062,0.113934168
1145,0.203126518,0.191611092,0.237427658,0.05764498,0.198623586,0.027234389,0.000925541,0.685830351,0.114896316
1150,0.194127611,0.184289326,0.228461715,0.055433136,0.191345161,0.025932224,0.000890897,0.669821948,0.1080779
1155,0.194096659,0.177837563,0.220631458,0.053945595,0.185126604,0.025565028,0.000862646,0.662359213,0.113265407
1160,0.196246271,0.179642028,0.222898228,0.054095521,0.186308824,0.02466522,0.000864636,0.647477086,0.115910978
1165,0.210873628,0.196189191,0.243512135,0.059153301,0.202955595,0.025871026,0.000950089,0.703089609,0.123767106
1170,0.196376473,0.186631643,0.231895175,0.056594007,0.193114752,0.029333808,0.000915015,0.671342827,0.119283979
1175,0.19600066,0.18466514,0.229534749,0.056094897,0.19102276,0.026157408,0.00090455,0.667068388,0.119657215
1180,0.189289181,0.174554124,0.216968802,0.053321013,0.181212234,0.026112008,0.000867609,0.664485826,0.119400086
1185,0.180297291,0.164430862,0.204394879,0.050311524,0.171076148,0.027751021,0.000812371,0.639579676,0.113655864
1190,0.181316282,0.159725839,0.198557174,0.049148593,0.167078867,0.028367235,0.000804528,0.665072523,0.116445513
1195,0.191155738,0.171443239,0.213049207,0.052283545,0.179119573,0.030291771,0.00086046,0.68815081,0.119945303
1200,0.190869837,0.172554829,0.214116342,0.052941844,0.180457262,0.033535084,0.000857436,0.664102853,0.117008274
1205,0.192412365,0.177568238,0.220098078,0.053391407,0.184837797,0.029870663,0.000869464,0.661954817,0.112684365
1210,0.195866253,0.183379371,0.227169295,0.05520169,0.19088954,0.029702407,0.000899267,0.709372085,0.116317263
1215,0.183357798,0.166120104,0.206140051,0.049988865,0.172973394,0.030178365,0.000806343,0.625794087,0.107790685
1220,0.213450938,0.191995358,0.238380864,0.057665689,0.200210024,0.032907419,0.000937186,0.733602638,0.128157724
1225,0.183718686,0.166129899,0.207222276,0.050084994,0.173604566,0.030426694,0.000839535,0.638601104,0.10765732
1230,0.166203112,0.156449124,0.196067816,0.046702986,0.163088272,0.029967578,0.000815303,0.622858099,0.093624949
1235,0.158822411,0.154841981,0.19449512,0.046176949,0.160830611,0.02973824,0.000802521,0.607779113,0.083354661
1240,0.163093644,0.153753959,0.19445572,0.045816979,0.160880091,0.033009099,0.000810452,0.588418584,0.093401684
1245,0.175621913,0.173350943,0.218251266,0.05230095,0.181295747,0.032553451,0.000880834,0.629456445,0.098596421
1250,0.17733467,0.175572994,0.221203137,0.052243631,0.182594026,0.030356556,0.000897418,0.659913443,0.097394916
1255,0.159925558,0.164090406,0.205779673,0.048673325,0.170507691,0.026486835,0.000828636,0.601513418,0.086093431
1260,0.165552378,0.168752919,0.211377835,0.050423426,0.176055001,0.030802121,0.000845959,0.621364638,0.091061418
1265,0.180902311,0.184626143,0.230941474,0.055140035,0.191780886,0.037518367,0.000921064,0.666945203,0.094428024
1270,0.173489906,0.176320474,0.220319511,0.052908282,0.183413487,0.031383429,0.000871193,0.629337308,0.094723665
1275,0.183891667,0.190785298,0.238092282,0.057498417,0.198837563,0.030859208,0.000937426,0.67104657,0.101473182
1280,0.190409588,0.1977833,0.246995939,0.059361153,0.205389435,0.028306992,0.00097212,0.675499349,0.108097746
1285,0.194040566,0.199121452,0.248405042,0.059723325,0.20610712,0.031702809,0.000972185,0.687392726,0.113372328
1290,0.172501354,0.175427267,0.219065315,0.052456233,0.181727816,0.032199609,0.000864939,0.632951607,0.101874734
1295,0.172949287,0.171721897,0.214547953,0.051595281,0.177711558,0.035438512,0.000839803,0.617006723,0.102634862
1300,0.183295373,0.179983371,0.224810829,0.054377951,0.186253976,0.038197485,0.000879561,0.649334608,0.107649386
1305,0.179099259,0.172474198,0.215229823,0.052299387,0.179011829,0.043901678,0.000846895,0.661606382,0.103523051
1310,0.177555844,0.168452186,0.210201855,0.051278358,0.175355721,0.040984232,0.000826082,0.65148987,0.104836216
1315,0.185771522,0.182475516,0.227306574,0.0548826,0.189211793,0.04000769,0.000888151,0.653499971,0.106284799
1320,0.196909271,0.195036186,0.242709501,0.058317172,0.202208208,0.036725185,0.000945184,0.687635685,0.11494094
1325,0.186903786,0.188134479,0.233969635,0.056266057,0.194969815,0.025770458,0.000906562,0.662698825,0.109815531
1330,0.187521746,0.186505956,0.23198917,0.055701773,0.193604339,0.023481448,0.00089309,0.663770306,0.110874062
1335,0.17768791,0.172224229,0.214563198,0.051937443,0.179511358,0.024369569,0.000838316,0.624952635,0.108603921
1340,0.177902346,0.176873343,0.220515382,0.053059686,0.184285641,0.024370483,0.000850911,0.623821416,0.107914203
1345,0.183158019,0.18175511,0.226624474,0.054611845,0.189013269,0.023785554,0.000872618,0.637492567,0.110043154
1350,0.191520436,0.188495243,0.23490898,0.05640465,0.195675572,0.023335715,0.000894847,0.678323617,0.113862102
1355,0.179558178,0.174659475,0.217791856,0.052593606,0.181734599,0.024716274,0.000829405,0.631509461,0.10831899
1360,0.181444439,0.173566048,0.215861346,0.051593963,0.18147103,0.025934014,0.000809884,0.62596089,0.110499478
1365,0.194579308,0.191906914,0.238622441,0.056848613,0.19909077,0.026984908,0.000887157,0.667368095,0.114207745
1370,0.188864153,0.187811833,0.233790697,0.05600906,0.195126041,0.023825936,0.000864404,0.650151252,0.112618935
1375,0.194302382,0.192220773,0.239457286,0.057373303,0.199843742,0.027213658,0.000882438,0.670774042,0.110443107
1380,0.204243284,0.206938694,0.257727658,0.061665299,0.214642493,0.038077421,0.00095206,0.740947954,0.111648645
1385,0.173921873,0.176200089,0.219383422,0.053352827,0.183677186,0.031243478,0.000823744,0.627698207,0.102201429
1390,0.176180657,0.176080672,0.21926885,0.052872908,0.183107541,0.030727799,0.000808162,0.632419713,0.102705188
1395,0.1805426,0.185141619,0.23033025,0.055518535,0.192539575,0.031061287,0.00084936,0.651513655,0.101250408
1400,0.187472658,0.195262476,0.24286227,0.058891459,0.202292238,0.035178442,0.000901556,0.677839026,0.107367502
1405,0.180738643,0.185005662,0.230246827,0.055630653,0.19139065,0.034835117,0.000850456,0.638083675,0.106711674
1410,0.161321634,0.178034817,0.224097583,0.053243524,0.183646988,0.034600273,0.000862507,0.631277641,0.083518131
1415,0.131101145,0.146407272,0.184750124,0.044033132,0.151430253,0.031321421,0.000713308,0.544041647,0.066733137
1420,0.148477851,0.157997373,0.198845213,0.0481275,0.164913844,0.03889052,0.000745384,0.588437744,0.08094593
1425,0.147254157,0.152068142,0.190473957,0.045665734,0.158538842,0.03985766,0.00078909,0.581177154,0.088542038
1430,0.15092047,0.150265647,0.187979472,0.046565055,0.158159077,0.038240467,0.000688909,0.650094811,0.089973055
1435,0.14520869,0.15499397,0.193889155,0.047984618,0.162327458,0.037675675,0.000733277,0.593807756,0.082809812
1440,0.150979663,0.159705212,0.198834848,0.049064212,0.169592132,0.036974647,0.000774653,0.581820753,0.087171307
1445,0.163058774,0.164572853,0.203214336,0.051015251,0.175202659,0.033892241,0.000746939,0.603609855,0.097866069
1450,0.169363059,0.180322229,0.224512877,0.053273163,0.188241566,0.032280337,0.000825505,0.651039067,0.095832372
1455,0.168265173,0.178647674,0.222631865,0.053756226,0.187065038,0.037911254,0.000831625,0.663564099,0.097310151
1460,0.17211283,0.17801659,0.222474257,0.053198253,0.18575461,0.037431039,0.000825074,0.645014154,0.097558656
1465,0.174541888,0.17944984,0.224727696,0.052866512,0.186680182,0.034489348,0.000830258,0.662312863,0.099695751
1470,0.171342316,0.176866186,0.221644005,0.052454852,0.184306612,0.035681014,0.000817732,0.644434068,0.097325295
1475,0.166985253,0.163303218,0.204803869,0.048779534,0.170877834,0.036665342,0.000764137,0.615879452,0.09659769
1480,0.212504257,0.158052599,0.197535687,0.046749346,0.166550701,0.040170889,0.000782976,0.70724443,0.149695598
1485,0.202632343,0.173674075,0.218144942,0.051374405,0.181539712,0.042151259,0.000799463,0.69648091,0.125531807
1490,0.197572488,0.168848267,0.211905883,0.050730116,0.177754643,0.041849979,0.000790399,0.670700123,0.126314786
1495,0.197150313,0.191055695,0.239880698,0.055957997,0.19829096,0.040875068,0.000884449,0.716805159,0.114062076
1500,0.174461142,0.163065558,0.204449778,0.048395099,0.171152679,0.037809523,0.000805678,0.671615318,0.110170247
1505,0.166427167,0.168044168,0.211657987,0.050664828,0.175704172,0.028293562,0.000791943,0.629343588,0.096175946
1510,0.175311936,0.165157213,0.207405573,0.048608197,0.172746615,0.031617259,0.000784104,0.637552407,0.105378994
1515,0.181501352,0.159813923,0.200803596,0.04772332,0.168146807,0.034290851,0.000760887,0.671011826,0.117709406
1520,0.16939731,0.163155909,0.204859235,0.048328099,0.172046464,0.038568007,0.000783777,0.649167967,0.105708792
1525,0.165556296,0.16676164,0.208852502,0.050408577,0.173983815,0.03092178,0.000766215,0.60391277,0.099990382
1530,0.1747795,0.168318652,0.210519127,0.051243661,0.175245895,0.029966459,0.000790209,0.640862345,0.112026928
1535,0.182361184,0.169906425,0.212613245,0.052695756,0.177332607,0.043285469,0.000817389,0.670388457,0.119027674
1540,0.198424577,0.166436811,0.206752464,0.051070418,0.174160976,0.039689468,0.000781223,0.689977644,0.13879913
1545,0.188849472,0.171488219,0.213596077,0.052832716,0.17962001,0.037516617,0.000784691,0.677038654,0.123218501
1550,0.175812227,0.16646012,0.208051291,0.050958935,0.173248833,0.035867469,0.000774508,0.669635955,0.110487649
1555,0.163491822,0.162216428,0.203357109,0.048639638,0.168957433,0.043414455,0.000777058,0.646622554,0.104409579
1560,0.156523526,0.160661605,0.201210703,0.047717248,0.16692487,0.045999147,0.000730311,0.633459499,0.098784586
1565,0.164858309,0.154318994,0.19425937,0.044796632,0.162061661,0.04987601,0.000709275,0.69976858,0.103674232
1570,0.157013306,0.148940206,0.188453664,0.043542045,0.155901991,0.055546033,0.000669988,0.659729372,0.103761915
1575,0.156277774,0.152565687,0.192763687,0.044657626,0.159602912,0.058515667,0.000695677,0.661876669,0.103470452
1580,0.150995741,0.150963206,0.190997841,0.044188565,0.157542786,0.058316744,0.000682786,0.655821518,0.099581017
1585,0.150419878,0.152305844,0.192412162,0.044534883,0.159476069,0.058469244,0.000684551,0.64051047,0.100432271
1590,0.139706589,0.147605512,0.186086427,0.043314891,0.153965397,0.04669121,0.000663102,0.609180565,0.088760613
1595,0.147145401,0.152719481,0.191990395,0.045138781,0.159448247,0.046362057,0.000700754,0.620543718,0.09620995
1600,0.135972335,0.143219469,0.180057458,0.042805629,0.149477941,0.03106411,0.000652344,0.590700541,0.084016155
1605,0.132086017,0.138883511,0.17500327,0.042768661,0.144642982,0.025113139,0.000635331,0.522356344,0.083176207
1610,0.134453678,0.140855006,0.176950378,0.044608769,0.146718012,0.023580415,0.000605179,0.518217792,0.084699328
1615,0.151277514,0.14895183,0.188485205,0.046838968,0.154531984,0.042216981,0.000628493,0.611267418,0.103198981
1620,0.146232491,0.145327232,0.184338869,0.04528996,0.150484499,0.049046232,0.000620882,0.586750678,0.09979078
1625,0.149737399,0.142944969,0.180129084,0.043615869,0.148521051,0.039820114,0.000598622,0.581214816,0.09914291
1630,0.159235783,0.142940177,0.180960217,0.042623944,0.149049264,0.052241798,0.000583318,0.645173077,0.114388204
1635,0.143985556,0.142638368,0.181353032,0.042073257,0.148811312,0.052197755,0.000586489,0.624172669,0.101208901
1640,0.14514027,0.144573189,0.18427808,0.041546279,0.150825285,0.051810004,0.000589777,0.657266121,0.106757926
1645,0.137431665,0.140354803,0.181314969,0.040813788,0.146645597,0.055600211,0.000576984,0.651592038,0.10370153
1650,0.132157046,0.136872788,0.176883177,0.039379968,0.142466174,0.047024737,0.000562288,0.605858788,0.095364103
1655,0.132371084,0.135436746,0.17627089,0.039124249,0.141278895,0.055080854,0.000552322,0.654578609,0.100811793
1660,0.135349367,0.13286774,0.17390682,0.038542677,0.138770032,0.058414859,0.00053655,0.655712021,0.10887963
1665,0.128583765,0.131707878,0.170915342,0.037881356,0.137546859,0.046537148,0.000523702,0.619297577,0.096546548
1670,0.122878753,0.130527791,0.169000545,0.037744627,0.135921389,0.046928629,0.000509602,0.594513924,0.088200419
1675,0.133927779,0.132699969,0.172127266,0.037716299,0.138352926,0.048638288,0.00051605,0.652461469,0.1017243
1680,0.137372492,0.140422701,0.182145045,0.03982901,0.146300024,0.04975557,0.000546257,0.666975631,0.105364545
1685,0.121678833,0.131812514,0.170670224,0.037493071,0.137355833,0.045885002,0.000510473,0.637597978,0.094141312
1690,0.128062854,0.132989118,0.172055763,0.037927548,0.13914914,0.05245274,0.000512498,0.647453297,0.09785495
1695,0.129240325,0.129093872,0.167256298,0.036770614,0.134923762,0.059448346,0.000497815,0.62740699,0.095542855
1700,0.132528116,0.135901331,0.175629852,0.038685564,0.141826281,0.055398097,0.000518328,0.656377195,0.095955891
1705,0.118593238,0.13213155,0.168930547,0.037441172,0.137410818,0.025299323,0.000501264,0.569914407,0.075542537
1710,0.124308945,0.133857362,0.170856823,0.037660221,0.13920135,0.024794651,0.000506134,0.578073114,0.080760526
1715,0.112029996,0.130576384,0.166862368,0.036793212,0.135576004,0.020360087,0.000495129,0.549670632,0.069338626
1720,0.113640714,0.131176494,0.167501072,0.037112315,0.136086434,0.018676397,0.000500333,0.542727551,0.071728247
1725,0.119002719,0.129018509,0.164901093,0.036294811,0.136873609,0.027761634,0.000492155,0.574685053,0.082087524
1730,0.123210362,0.121342303,0.158767859,0.037215581,0.127772966,0.023053947,0.000485232,0.636706308,0.082434175
1735,0.122534624,0.127036203,0.164951819,0.039106947,0.1336068,0.022569626,0.000501074,0.620310667,0.081500961
1740,0.128157698,0.127926888,0.165834869,0.039162196,0.134619014,0.021648987,0.000501911,0.630013586,0.089003481
1745,0.129960023,0.124469195,0.160829378,0.037726817,0.130411729,0.028335709,0.000489436,0.622053912,0.087079865
1750,0.134604087,0.125025962,0.161623121,0.037770523,0.13122682,0.031889242,0.000489129,0.640503524,0.09027139
1755,0.132225654,0.126306818,0.163910981,0.038463715,0.132676986,0.035219702,0.000497173,0.647967,0.08918476
1760,0.142248329,0.124761873,0.162619359,0.038244996,0.130882313,0.064459381,0.00049691,0.678171855,0.113554139
1765,0.141018195,0.125704012,0.163463495,0.038803118,0.131777746,0.058282318,0.000498812,0.658044964,0.11312008
1770,0.140223645,0.127053195,0.16481061,0.03949125,0.132726609,0.052453546,0.000506158,0.639781732,0.111178606
1775,0.146252713,0.128125855,0.166889806,0.041421942,0.134208306,0.058854537,0.000509891,0.661799541,0.125886878
1780,0.146756219,0.128087724,0.164733451,0.041700053,0.133643416,0.04225722,0.000507319,0.608193161,0.122505369
1785,0.148919643,0.132615802,0.168721359,0.044790477,0.138335975,0.037875527,0.000519065,0.598385229,0.117870813
1790,0.149725463,0.130464418,0.167101698,0.044635871,0.135701464,0.043484456,0.000514952,0.600171324,0.117955959
1795,0.136400017,0.127632314,0.163264568,0.043619757,0.132732977,0.032793752,0.000511946,0.577460863,0.102845093
1800,0.141292779,0.128937274,0.167139883,0.043634577,0.134381907,0.045294241,0.000518392,0.606343342,0.116107124
1805,0.130697589,0.133745153,0.171098126,0.044267603,0.139241414,0.029899638,0.000536889,0.561734141,0.095731883
1810,0.141137111,0.132302575,0.172708264,0.043204645,0.138645661,0.055477193,0.000534331,0.665409854,0.118496192
1815,0.117694628,0.123338274,0.157982586,0.038840097,0.128454925,0.026259496,0.000495543,0.526527691,0.083130876
1820,0.109498583,0.120515745,0.154935075,0.036974946,0.125485688,0.037050155,0.000486069,0.526664391,0.077566079
1825,0.126332522,0.124207511,0.162026539,0.03879088,0.130672285,0.062650942,0.000500865,0.631355892,0.09643836
1830,0.134393704,0.12649147,0.16377837,0.04127319,0.134004617,0.057585094,0.000495951,0.642574988,0.102110838
1835,0.136764058,0.129258088,0.167532296,0.042281155,0.136169349,0.064132879,0.000505141,0.664761757,0.104093735
1840,0.141703997,0.130878266,0.169366056,0.042429577,0.137386416,0.063934552,0.000509316,0.674899497,0.109523632
1845,0.144643111,0.131959687,0.170115644,0.042733061,0.138740462,0.059063059,0.000507758,0.682605,0.113825835
1850,0.145938222,0.132197953,0.170632726,0.042485652,0.138907544,0.055370027,0.000509547,0.664775723,0.120542925
1855,0.149461883,0.135538775,0.174608228,0.04292025,0.142917156,0.054684061,0.000528927,0.687988862,0.122287147
1860,0.142473616,0.135281685,0.174411326,0.042365827,0.141558689,0.052129046,0.000531414,0.671554997,0.116599211
1865,0.134425231,0.130707085,0.168645592,0.041319498,0.136323895,0.048692255,0.000521624,0.637673761,0.109331503
1870,0.134367206,0.127653182,0.164707371,0.041451826,0.133232982,0.048066436,0.00052339,0.632268784,0.102666724
1875,0.143169158,0.13166567,0.168681389,0.042062764,0.137594095,0.049090911,0.000525983,0.64548287,0.108766253
1880,0.134427897,0.130442298,0.163629382,0.041359747,0.13612756,0.029141698,0.000526886,0.527501448,0.095963936
1885,0.153268655,0.154892934,0.192720052,0.049468904,0.161460163,0.029846045,0.000570589,0.620740499,0.103518794
1890,0.1455498,0.135324716,0.168643093,0.04231324,0.14096724,0.030539896,0.000501532,0.595444657,0.0994608
1895,0.143877906,0.142509552,0.177602047,0.043743655,0.147582524,0.031872993,0.000534387,0.610257231,0.091448385
1900,0.141334435,0.141673641,0.176806973,0.043872478,0.147205966,0.033047132,0.000539435,0.605487884,0.090153218
1905,0.148067703,0.14548038,0.1812704,0.044704968,0.150456194,0.030259086,0.000561889,0.594110571,0.096583325
1910,0.151691325,0.153377022,0.191179691,0.047438523,0.158717208,0.035849401,0.000600468,0.59878207,0.097926084
1915,0.148253882,0.161536483,0.200627292,0.04904279,0.167134049,0.030060201,0.000632903,0.584671341,0.090452877
1920,0.138682884,0.160824748,0.200148213,0.049021327,0.166482813,0.032289882,0.000629207,0.591005731,0.083188384
1925,0.134934741,0.156654834,0.195578898,0.048261523,0.16153053,0.035088453,0.000627943,0.567885966,0.080117687
1930,0.117412904,0.135826128,0.170628689,0.042021748,0.140357828,0.02454367,0.000562396,0.504396783,0.068774732
1935,0.117697948,0.144103807,0.181759667,0.044353969,0.148150412,0.025948694,0.000615671,0.507102943,0.062714382
1940,0.119681315,0.140306651,0.177335251,0.042939335,0.144830978,0.029275606,0.000604104,0.512550409,0.066541954
1945,0.128028385,0.146656421,0.18479934,0.045497893,0.151998591,0.02800135,0.000621726,0.52634584,0.073250358
1950,0.135577197,0.153466335,0.193009445,0.047074506,0.158890344,0.029963578,0.000646462,0.550769874,0.078213042
1955,0.13814208,0.157570038,0.197840432,0.047397438,0.163077182,0.03326418,0.000661639,0.560268838,0.079732343
1960,0.138301554,0.155462504,0.195500909,0.04682895,0.160234338,0.034494319,0.000661151,0.576806954,0.077017603
1965,0.147666834,0.152418193,0.192028616,0.04606017,0.157456639,0.032979584,0.000650087,0.579100155,0.087642661
1970,0.146356286,0.154743349,0.195066376,0.046975061,0.159428124,0.027300465,0.00066414,0.565932575,0.086396812
1975,0.141364289,0.156981557,0.198280329,0.047775359,0.162172414,0.025073967,0.000674742,0.574903185,0.083928882
1980,0.136591478,0.159314216,0.202165019,0.047923489,0.16456061,0.024108797,0.000690977,0.576796487,0.077144305
1985,0.127211684,0.146030878,0.185128083,0.043433161,0.150644743,0.021089956,0.000628059,0.528870372,0.074682632
1990,0.135121952,0.152908121,0.193253138,0.045022954,0.158455938,0.026449195,0.000643954,0.558989586,0.07852298
1995,0.131546218,0.14784521,0.186411497,0.042918849,0.152770858,0.031599629,0.000616158,0.556628226,0.07381885
2000,0.126183195,0.127890457,0.160872707,0.035543983,0.133267383,0.030093854,0.000522178,0.550012634,0.08165377
2005,0.129717113,0.134960022,0.170868561,0.037763635,0.140931984,0.024930545,0.000542615,0.576454152,0.084896548
2010,0.151789943,0.149306449,0.188532047,0.043458764,0.156271727,0.028174166,0.000607077,0.617933533,0.099309927
2015,0.142452211,0.136622626,0.172305863,0.04016244,0.142752367,0.03049222,0.000554423,0.579105107,0.093641931
2020,0.136614414,0.138078844,0.173378496,0.040898254,0.144652595,0.037437839,0.000549913,0.545197726,0.084849393
2025,0.137199016,0.145578869,0.182498605,0.04319262,0.151679089,0.037986924,0.000575859,0.536940978,0.081394712
2030,0.136614097,0.151515391,0.189946131,0.045022139,0.157328781,0.038848058,0.000603887,0.548440597,0.078692737
2035,0.128223741,0.142763581,0.179272273,0.042844042,0.147729095,0.031808914,0.000573853,0.531478898,0.072983469
2040,0.128403197,0.140424528,0.176985094,0.042545664,0.145825103,0.033661445,0.000565797,0.522162639,0.073781861
2045,0.131318828,0.146037182,0.18382762,0.044322874,0.151461428,0.035296566,0.000588898,0.542957769,0.07457328
2050,0.134761735,0.145503208,0.183346987,0.043334049,0.151576429,0.030990256,0.000574228,0.541128734,0.080761836
2055,0.134844967,0.15532653,0.194626501,0.045585627,0.161492263,0.025777911,0.000604316,0.560367999,0.079780256
2060,0.124120788,0.143249408,0.179936304,0.0417188,0.148568821,0.020825366,0.000577812,0.507091087,0.072572659
2065,0.134403616,0.141940328,0.178401369,0.040473957,0.147235478,0.024074933,0.000573431,0.57233219,0.082467477
2070,0.138155767,0.139656157,0.176607945,0.040291788,0.144955134,0.02579171,0.000574265,0.596724309,0.084246974
2075,0.134410401,0.143271985,0.180902732,0.041649769,0.148713194,0.029633027,0.00059761,0.573629464,0.079515278
2080,0.136583405,0.148739835,0.187703988,0.04346788,0.154039503,0.025587306,0.000623143,0.562378003,0.079836008
2085,0.139606441,0.145648207,0.18338131,0.042099929,0.151317944,0.030853424,0.000602277,0.575599766,0.08661537
2090,0.136469652,0.152529583,0.191070403,0.042543494,0.15945943,0.029915985,0.000598665,0.586688912,0.083706789
2095,0.132493023,0.144679893,0.182535828,0.040161395,0.151029006,0.022820065,0.000570176,0.548464246,0.082753428
2100,0.133939552,0.153476137,0.192458185,0.042057629,0.159307763,0.024325088,0.000601763,0.550624227,0.078576478
2105,0.134915715,0.152129597,0.190408887,0.041480209,0.158525495,0.024877788,0.000594493,0.568208152,0.084324385
2110,0.142421278,0.161078082,0.200642322,0.043296093,0.167055756,0.029570267,0.000616643,0.572129194,0.081947352
2115,0.141348538,0.162714752,0.202469401,0.044009422,0.168530585,0.030829353,0.00062725,0.594249298,0.079759593
2120,0.141049946,0.153421884,0.191259113,0.039968824,0.160374245,0.027326815,0.000569181,0.577151194,0.088129487
2125,0.12193722,0.150307345,0.186974345,0.039833521,0.156095554,0.02384019,0.000567972,0.551079068,0.069083978
2130,0.120433604,0.153313987,0.190638745,0.040927715,0.158565079,0.023422202,0.00057969,0.540672174,0.064828237
2135,0.122214531,0.157073495,0.195607028,0.041861682,0.162543166,0.025792841,0.000593668,0.55013967,0.067007541
2140,0.12027376,0.154008454,0.192244003,0.04031509,0.159583823,0.022627402,0.000591514,0.522914923,0.067900812
2145,0.121548595,0.149807549,0.186845451,0.039804731,0.155067086,0.026442148,0.000578983,0.527603998,0.06668444
2150,0.126455476,0.151057877,0.18820844,0.040642809,0.15677537,0.030003427,0.000579259,0.573864336,0.070998575
2155,0.120939548,0.153019334,0.190751887,0.041956122,0.158492628,0.026746003,0.000586718,0.557056834,0.065480471
2160,0.131583692,0.147256719,0.183247522,0.039264379,0.153232734,0.022214841,0.000560859,0.554626689,0.083765664
2165,0.127711613,0.151397887,0.1878366,0.040448018,0.156984379,0.022294562,0.000570604,0.53002647,0.076305213
2170,0.134277427,0.154898929,0.192015373,0.04085437,0.160782155,0.030582093,0.000575349,0.553221776,0.076673039
2175,0.138706363,0.162637662,0.20186003,0.042923876,0.168223483,0.030597768,0.000616657,0.560546252,0.075220919
2180,0.146740288,0.164720501,0.205284349,0.044815503,0.170981191,0.032028709,0.000636391,0.624015587,0.08245295
2185,0.136250262,0.157834677,0.196595043,0.043173489,0.163091319,0.027156544,0.000611508,0.550326774,0.074948547
2190,0.131591497,0.155606837,0.195067929,0.043294028,0.161278581,0.020124886,0.000611332,0.541524969,0.075079361
2195,0.135164629,0.156606523,0.195943943,0.043332433,0.161946032,0.020394278,0.000617575,0.544269467,0.078122888
2200,0.138601195,0.154222082,0.194016802,0.044543697,0.16060878,0.022111586,0.000633426,0.576131853,0.078396285
2205,0.140967352,0.15590497,0.1963551,0.045045487,0.161069309,0.020844045,0.000649176,0.590972173,0.076225868
2210,0.13687996,0.12989905,0.163426432,0.03590799,0.137640361,0.033458783,0.000527228,0.553667359,0.087006762
2215,0.191876553,0.157116951,0.194505261,0.040929339,0.166018159,0.030885306,0.000610494,0.694226722,0.130669422
2220,0.206663072,0.179479347,0.223176764,0.048548088,0.187085241,0.037646645,0.00074717,0.771472833,0.133742185
2225,0.182365521,0.162280224,0.201530608,0.04363275,0.168919337,0.033044556,0.000692976,0.689426826,0.118565772
2230,0.16436316,0.16478135,0.204984423,0.044484631,0.172296456,0.03159406,0.000721506,0.704831999,0.10072358
2235,0.154578228,0.163966117,0.20409167,0.043793773,0.171448763,0.03758511,0.000722542,0.661188144,0.089935999
2240,0.135070444,0.144841562,0.180098944,0.038910914,0.151670833,0.038254959,0.000666045,0.613415083,0.082082532
2245,0.126016483,0.145533633,0.181037824,0.039522082,0.152377384,0.026902543,0.000662855,0.600106356,0.070086134
2250,0.125221064,0.145552248,0.181893621,0.040058022,0.151633056,0.021785991,0.000689198,0.586485294,0.065071248
2255,0.13180372,0.144661249,0.181530597,0.039794496,0.150688615,0.025238511,0.000679736,0.554566931,0.074408541
2260,0.127635563,0.144629203,0.181133684,0.039805955,0.150057574,0.024360196,0.000668562,0.558880175,0.069748257
2265,0.143992208,0.157110627,0.19647205,0.043238403,0.162762241,0.034319679,0.000724746,0.619862827,0.076778486
2270,0.137604212,0.148262381,0.185651823,0.041202282,0.154032297,0.030582261,0.000692741,0.591191263,0.074220358
2275,0.143880653,0.143227162,0.179165587,0.039419137,0.148755049,0.03157165,0.000677452,0.570439002,0.086008347
2280,0.141835934,0.147285736,0.184622116,0.040862955,0.153341147,0.027679565,0.000681431,0.588772598,0.081397184
2285,0.146282627,0.157228187,0.196649994,0.043412613,0.162813362,0.023546979,0.000729748,0.591866416,0.081222188
2290,0.159982759,0.168051455,0.209882189,0.046242462,0.17425825,0.027496008,0.000777098,0.6367664,0.090366135
2295,0.161795329,0.168613139,0.210154833,0.046293469,0.174189041,0.030094611,0.000783855,0.613309639,0.086378113
2300,0.161657512,0.168879703,0.210740751,0.046637691,0.174879114,0.032158834,0.000782881,0.633827504,0.08661904
2305,0.163291621,0.172364819,0.214936903,0.047449064,0.178173516,0.028427757,0.000800453,0.633277393,0.086234815
2310,0.157934951,0.168091666,0.209238731,0.046301663,0.173922509,0.022009581,0.000778099,0.612225346,0.086492415
2315,0.156156319,0.164719069,0.205108575,0.045468907,0.170181504,0.023611748,0.000760372,0.611259361,0.085103947
2320,0.161066987,0.169141065,0.210519008,0.046620706,0.17458231,0.023497399,0.000777537,0.624255287,0.087602487
2325,0.158662111,0.167537482,0.208555011,0.046315891,0.172609574,0.022129296,0.000765496,0.606352241,0.088657973
2330,0.15838246,0.168798065,0.209864614,0.046425989,0.174330923,0.020972575,0.000777133,0.612484552,0.084731497
2335,0.159734249,0.168280507,0.209327129,0.046432276,0.173991491,0.027424535,0.000774493,0.625059546,0.089141708
2340,0.157624252,0.168285412,0.209855564,0.04651031,0.175365735,0.024138543,0.000779726,0.622694937,0.086657658
2345,0.15272392,0.159633349,0.199187952,0.044346622,0.165214496,0.023862269,0.00074787,0.586635099,0.083471309
2350,0.160189225,0.168628128,0.210350543,0.046855233,0.174168484,0.022327556,0.000797088,0.603725557,0.084883646
2355,0.160369884,0.171301255,0.213915231,0.047583287,0.177430503,0.018848857,0.000810532,0.625257892,0.083110256
2360,0.153872822,0.154360229,0.192800983,0.042427741,0.15993323,0.021308483,0.000718401,0.588476426,0.08569908
2365,0.173472095,0.180994041,0.225468558,0.049515886,0.186920242,0.025324741,0.000844401,0.668586062,0.091296645
2370,0.160701271,0.168452077,0.209417484,0.04554051,0.174410797,0.027060327,0.000781501,0.611492752,0.085341115
2375,0.183958872,0.183604699,0.228571894,0.050040382,0.191649592,0.029721395,0.000851248,0.693175937,0.099993948
2380,0.176810868,0.162624313,0.202664943,0.044732592,0.16879718,0.023522546,0.000757038,0.63985096,0.101605041
2385,0.166787834,0.158026983,0.196686778,0.043107924,0.164036524,0.032715202,0.00072339,0.629280884,0.097680784
2390,0.165056736,0.161197806,0.201020286,0.044172927,0.166945709,0.035870274,0.000729992,0.628095642,0.092079365
2395,0.152209293,0.149078643,0.186344642,0.041268938,0.155205065,0.029635046,0.000653717,0.591611532,0.084907622
2400,0.151763755,0.153722462,0.192241568,0.042924211,0.159312904,0.033010401,0.000673762,0.578465515,0.079843672
2405,0.161593632,0.166155658,0.207652929,0.045958684,0.172319949,0.029733074,0.000715615,0.627505805,0.082487437
2410,0.146782455,0.157547349,0.19652347,0.043610193,0.162968898,0.025101075,0.000670225,0.599118409,0.073993295
2415,0.136804757,0.147734297,0.184411531,0.041078776,0.152728887,0.025607916,0.000624928,0.5340936,0.068115133
2420,0.149778095,0.163546494,0.203859071,0.045193707,0.169119593,0.024608046,0.000687001,0.574758737,0.074338549
2425,0.153632188,0.167377802,0.208597456,0.046022798,0.172881127,0.032304801,0.000698289,0.598583828,0.076008439
2430,0.150268787,0.166169047,0.206808748,0.04588399,0.171944221,0.033939043,0.000697612,0.595520901,0.073814018
2435,0.156315605,0.16777381,0.208628688,0.046455273,0.173350481,0.044345081,0.000702024,0.599197137,0.076013075
2440,0.167482137,0.177386054,0.22060151,0.049523056,0.183384141,0.043751776,0.000745619,0.648491203,0.080039824
2445,0.153858254,0.160725705,0.19984617,0.044825373,0.165749222,0.039071209,0.000672988,0.593708816,0.075114302
2450,0.147036685,0.153202076,0.190917662,0.042905583,0.158515663,0.033996698,0.00063882,0.580665079,0.073233853
2455,0.14140897,0.155137238,0.19287366,0.043182163,0.159630636,0.030875442,0.000653634,0.549889275,0.067819806
2460,0.14655622,0.161047073,0.200635985,0.045129233,0.16622077,0.02978703,0.000681972,0.570644497,0.069441564
2465,0.156429375,0.154973193,0.194798728,0.045445784,0.160352345,0.022645602,0.000687245,0.611916392,0.080064788
2470,0.151507163,0.151856073,0.191089372,0.044374311,0.157482992,0.021740959,0.00067961,0.574433049,0.077429077
2475,0.155512108,0.156079471,0.196404558,0.045838155,0.161471499,0.025212877,0.000693679,0.611638374,0.077036644
2480,0.153377963,0.15544877,0.195682775,0.045381378,0.160525818,0.030581654,0.000693767,0.593604523,0.073725109
2485,0.149738104,0.151012481,0.189481776,0.045816625,0.156404467,0.027021496,0.000680392,0.598219995,0.077152334
2490,0.157131496,0.162542176,0.204250879,0.048901817,0.168321629,0.028818068,0.000751316,0.612990488,0.076954794
2495,0.1614077,0.161405499,0.202895865,0.048351306,0.167358848,0.035439513,0.000749617,0.613685542,0.079285138
2500,0.166934125,0.169546854,0.212441152,0.04918196,0.176164564,0.030804165,0.000775316,0.631908224,0.082509534
2505,0.16081958,0.160677423,0.20105587,0.045863213,0.166547784,0.028441984,0.000729213,0.625128657,0.081606542
2510,0.16358441,0.16700409,0.208822154,0.047559196,0.172981212,0.027595419,0.000760707,0.629183977,0.082634141
2515,0.164873756,0.173931107,0.217143259,0.049185278,0.180047153,0.028268755,0.000791891,0.639386588,0.079996431
2520,0.161538305,0.174533801,0.217468846,0.048972558,0.180729522,0.025581375,0.000787774,0.628827634,0.077854318
2525,0.169579519,0.182773463,0.227537894,0.050739723,0.189842102,0.028178308,0.000814865,0.679377072,0.085312083
2530,0.154656812,0.170862931,0.212295618,0.047509655,0.176636446,0.025354077,0.000784774,0.727042336,0.075820474
2535,0.15852849,0.174553082,0.216992955,0.048809125,0.180286895,0.026765841,0.000771461,0.659944101,0.077857306
2540,0.148971144,0.160075437,0.199091025,0.045313362,0.16562351,0.02990852,0.000687304,0.616977242,0.073769821
2545,0.131562382,0.140215602,0.174314797,0.03958092,0.146008136,0.037434049,0.000607281,0.556256765,0.070874839
2550,0.178397721,0.157551694,0.193120218,0.040467552,0.167447964,0.040073278,0.000629147,0.671611375,0.111445267
2555,0.184422058,0.185565043,0.228304147,0.049039052,0.193516116,0.046715715,0.000786862,0.767963611,0.103232039
2560,0.159965813,0.181678403,0.224353052,0.047983846,0.189152269,0.044051258,0.000792636,0.651847705,0.08074923
2565,0.160543482,0.178611481,0.220401403,0.047392946,0.186024759,0.047630803,0.000796943,0.662208689,0.08563097
2570,0.151900311,0.164960769,0.20384791,0.044142984,0.17188074,0.042781189,0.000744196,0.629467304,0.082475026
2575,0.167661319,0.176832351,0.218489818,0.047214959,0.185341294,0.045296453,0.000786301,0.692516125,0.091319591
2580,0.165138326,0.16525652,0.204369127,0.043973638,0.172906183,0.046144173,0.000738223,0.687910858,0.094550048
2585,0.14739575,0.149725162,0.186381438,0.041074644,0.156670807,0.043292824,0.000681272,0.647049704,0.081399866
2590,0.14856881,0.141800121,0.177157562,0.040251877,0.148210506,0.031497756,0.000652932,0.618249444,0.08475627
2595,0.157046268,0.148341528,0.185210029,0.042019133,0.155411443,0.032729175,0.000670599,0.610355875,0.090608276
2600,0.160382093,0.15702463,0.195579073,0.043988708,0.163727997,0.035430943,0.000706425,0.700170619,0.087478707
2605,0.160965443,0.162904615,0.20304335,0.045845032,0.168814722,0.037993084,0.000769573,0.860108867,0.083131664
2610,0.148672935,0.152927549,0.190595663,0.043095575,0.158333732,0.031313487,0.000683769,0.591271957,0.07624518
2615,0.162821564,0.169093024,0.210749482,0.047943968,0.174807434,0.027719283,0.000737339,0.616994504,0.083491572
2620,0.175053429,0.182376764,0.22729505,0.051759262,0.189188632,0.034103274,0.00079219,0.68849868,0.089597806
2625,0.159825239,0.16759685,0.208149998,0.04631944,0.174203013,0.030097305,0.000707403,0.631025195,0.082977699
2630,0.173471669,0.148156441,0.183363844,0.039219792,0.155950594,0.025894056,0.000606312,0.660835509,0.109630659
2635,0.158488199,0.160273237,0.199350282,0.043452173,0.167020914,0.033364368,0.000678181,0.622256641,0.084538564
2640,0.147660909,0.156361779,0.194637695,0.043310284,0.161787917,0.029071786,0.000671644,0.586024567,0.077003687
2645,0.14636652,0.163264013,0.203437316,0.045784865,0.168883742,0.02472082,0.000705921,0.593661772,0.075458714
2650,0.153650665,0.163532982,0.203558009,0.045800728,0.169133806,0.024585317,0.000701858,0.60593114,0.08073175
2655,0.15961867,0.16236541,0.201403769,0.044694687,0.168793223,0.026361339,0.000681831,0.63143265,0.087016742
2660,0.154001796,0.167079051,0.207321652,0.046345341,0.173280118,0.033702755,0.000703544,0.607377506,0.078100138
2665,0.142800425,0.157657168,0.195842759,0.043815793,0.16254175,0.033865141,0.000670737,0.612578844,0.069377636
2670,0.143074981,0.156480789,0.194780559,0.044226802,0.161296181,0.038041689,0.000670355,0.563355769,0.069437562
2675,0.145622867,0.159867108,0.198900265,0.045002,0.164236078,0.033503154,0.000689997,0.572761946,0.069529907
2680,0.141799658,0.150543583,0.187258112,0.041847081,0.156421329,0.031644704,0.00063745,0.556257884,0.071702205
2685,0.141777804,0.159317923,0.197496845,0.043707266,0.165036366,0.030155465,0.000665344,0.55833779,0.069944976
2690,0.138149582,0.161897464,0.200612694,0.044345685,0.166756043,0.0319888,0.000680483,0.551827186,0.065870731
2695,0.152668855,0.181166262,0.224549414,0.04979371,0.186124192,0.027081195,0.000765195,0.604241499,0.072621106
2700,0.139228882,0.163405706,0.202146716,0.04412501,0.168573871,0.02992253,0.000675733,0.562603757,0.069265393
2705,0.133168528,0.15804098,0.196150431,0.042990634,0.162725674,0.024710132,0.00065962,0.531329753,0.063981823
2710,0.148586746,0.168420208,0.209062566,0.045899634,0.173332611,0.030033301,0.000705647,0.596024919,0.074686725
2715,0.136435593,0.157923903,0.196095285,0.043211247,0.162486146,0.033461796,0.000663889,0.532739653,0.064503017
2720,0.148418084,0.169728581,0.210229702,0.046124957,0.17480738,0.036345161,0.000701065,0.578555205,0.072573525
2725,0.156812804,0.180759724,0.223981514,0.049090918,0.185996295,0.038806133,0.000750113,0.616096126,0.076480896
2730,0.152055498,0.169927695,0.210512685,0.046076665,0.174886907,0.036847747,0.00070747,0.607091109,0.078900863
2735,0.145018306,0.168241516,0.208666212,0.045970551,0.172691731,0.030987286,0.00070718,0.581250555,0.072024874
2740,0.143150571,0.163669284,0.202761665,0.044823306,0.168065993,0.032316785,0.000688885,0.566470087,0.072453186
2745,0.14176699,0.163260355,0.202484423,0.045227214,0.167624412,0.029894088,0.000689801,0.552888386,0.070281011
2750,0.139438501,0.163864346,0.203287541,0.045495411,0.168092949,0.024440188,0.000692145,0.547214299,0.067251049
2755,0.147438112,0.167227222,0.207473768,0.046414298,0.171789999,0.024554248,0.000708247,0.548912273,0.072380394
2760,0.151604823,0.173799834,0.21571075,0.048611467,0.178198057,0.031753474,0.000740466,0.57776093,0.070244836
2765,0.155614839,0.180140075,0.223705346,0.050291135,0.184817544,0.031549586,0.000765442,0.585534687,0.070549611
2770,0.170438021,0.199011656,0.247202261,0.055553779,0.205541709,0.033608846,0.00084633,0.664006968,0.077119925
2775,0.143073142,0.158446978,0.196523607,0.044161017,0.163893727,0.033044228,0.000674057,0.54163567,0.070837449
2780,0.147817375,0.158959541,0.198274705,0.044362345,0.163140293,0.025831811,0.000670866,0.63186197,0.073619813
2785,0.151939051,0.143236168,0.178072338,0.038703766,0.148056547,0.021937106,0.000584829,0.631285672,0.089075932
2790,0.160633165,0.17630129,0.219307773,0.048264324,0.182004582,0.025338235,0.000729039,0.656532813,0.08696226
2795,0.153047154,0.170212288,0.211419179,0.046529436,0.176205539,0.025672194,0.000695822,0.638343153,0.082942002
2800,0.160570177,0.176314961,0.218626341,0.047717664,0.181306103,0.025647556,0.000718367,0.651811804,0.087204778
2805,0.151446932,0.163807902,0.203727427,0.045082484,0.168412789,0.028891583,0.000672977,0.618442207,0.081672477
2810,0.162248168,0.175953729,0.219279723,0.048883683,0.181574116,0.030227726,0.00073248,0.635070196,0.088139933
2815,0.13825576,0.150889662,0.188831973,0.042669952,0.155304867,0.028313165,0.000635433,0.524522805,0.072910668
2820,0.128005124,0.146557444,0.183314173,0.041301305,0.152523604,0.025775841,0.000611068,0.506901496,0.064309564
2825,0.159635707,0.178326996,0.222529593,0.049684562,0.18390145,0.031533342,0.000732673,0.588230514,0.08457644
2830,0.154441852,0.17200073,0.216407379,0.049511635,0.177010783,0.038079041,0.000724765,0.614325397,0.079306223
2835,0.135709512,0.135379124,0.169414008,0.037101453,0.141221204,0.033224451,0.000545617,0.565021161,0.078735848
2840,0.146030626,0.162847948,0.202986909,0.043831353,0.169031517,0.031628395,0.000637756,0.582179221,0.081785374
2845,0.171529713,0.171618634,0.214986388,0.046899064,0.178011752,0.039425918,0.000676885,0.684367042,0.104997128
2850,0.174140146,0.160213479,0.201113673,0.044160385,0.166533231,0.039605595,0.00063588,0.668228335,0.109891543
2855,0.153716404,0.14840769,0.186727686,0.041122566,0.154345602,0.032085613,0.000593154,0.569007405,0.096270114
2860,0.136332532,0.134111814,0.168662987,0.03761671,0.140076065,0.030294698,0.000531529,0.523958818,0.087610693
2865,0.150165407,0.143008802,0.179329526,0.039301304,0.148540765,0.031975747,0.000555798,0.544988225,0.095342582
2870,0.147244024,0.138679898,0.173664672,0.038073977,0.145856463,0.031155455,0.000520578,0.583364914,0.099351901
2875,0.163987879,0.170180867,0.211771832,0.047960945,0.177157459,0.035830046,0.00062769,0.647462828,0.10139731
2880,0.16877293,0.165286727,0.205174188,0.045744312,0.172177683,0.038045394,0.000605933,0.632005088,0.109630067
2885,0.167928128,0.164160212,0.203088723,0.045378708,0.172750622,0.040795375,0.000594,0.646158521,0.114620168
2890,0.147598186,0.157719641,0.196656923,0.045188687,0.163585933,0.040175496,0.000595612,0.554561386,0.086609594
2895,0.150267574,0.163816782,0.204670072,0.047116157,0.16941681,0.043491327,0.000624174,0.584783743,0.088221593
2900,0.155720194,0.161176623,0.203139114,0.04605097,0.166832913,0.043628418,0.000639516,0.578494302,0.091267593
2905,0.164417656,0.167007505,0.210684756,0.04716672,0.173067459,0.047152265,0.00066022,0.631264943,0.097923399
2910,0.165769762,0.165432965,0.208618044,0.046749497,0.171486441,0.049159418,0.000655156,0.619461892,0.098024944
2915,0.151795508,0.162210307,0.204469624,0.045914301,0.167707873,0.043031238,0.000644172,0.596880327,0.085270759
2920,0.121215609,0.133477354,0.168252115,0.037201347,0.138746365,0.042795709,0.000528535,0.512065616,0.070825623
2925,0.148850554,0.136730246,0.171948655,0.036839593,0.146802262,0.039738039,0.000523205,0.55434207,0.092318626
2930,0.191399654,0.168335314,0.208543626,0.042962228,0.176775025,0.044097451,0.000629473,0.660876964,0.125023549
2935,0.20701717,0.183866938,0.228388229,0.047522881,0.19127027,0.050396865,0.000711338,0.72397831,0.133909137
2940,0.206524568,0.189703384,0.235324618,0.048757094,0.197334518,0.052083967,0.000756592,0.73963477,0.130044068
2945,0.079510055,0.050258289,0.061669313,0.024474697,0.053730306,0.038161852,0.000170678,0.258524777,0.055571334